r,q,sigma,S,err_price
0.04359949021420038,0.0025926231827891333,0.27483123893935457,93.5322392618277,[0.00098713]
0.0420367802087489,0.03303348210038742,0.10232431701892125,111.92709663506636,[0.4002269]
0.029965467367452314,0.026682727510286663,0.31056691638464745,102.91420942770391,[0.16508166]
0.013457994534493357,0.05135781212657464,0.09221993282345764,128.53351478166735,[inf]
0.08539752926394889,0.04942368373819278,0.423280742678734,57.964547700906095,[-0.0001314]
0.0505246090121704,0.006528650438687811,0.21406116379869472,59.653091566061256,[0.00293251]
0.012715997170127747,0.05967453089785958,0.11300600030211794,60.694568430998295,[1.746076e+19]
0.02203062070705597,0.034982628500329925,0.23389374229115012,70.17432262649653,[1.1872487]
0.06404067252149148,0.04830698355517517,0.25261836000927457,88.68926511185593,[0.14415504]
0.07936374544415771,0.05800041788778067,0.08114929925115694,120.07523466071562,[10.398281]
0.09645510800892552,0.05000083611702168,0.44476003197307246,84.16136526711097,[-0.01859271]
0.05671441276277093,0.04275459632961101,0.2183736315133995,127.65591849971003,[0.48722413]
0.05356041734976563,0.09537422269448667,0.27210408007405107,58.20949222750248,[-0.02212799]
0.036634240167502045,0.08508505040045017,0.2031375215239754,52.72023658948496,[5.553915]
0.024717723899735335,0.0067144370736954674,0.49692600571063644,147.05803133771735,[0.12821639]
0.08002583511325868,0.06018171214054674,0.38247993022584076,66.92254465841779,[0.00912614]
0.02930232318194398,0.052406687530036425,0.17831214056137945,54.567896524540004,[0.861619]
0.09831534453572127,0.044135491935484675,0.2520002196895763,82.35413175346989,[0.03156969]
0.025974475274713707,0.038688988532076245,0.41600844981725044,123.6747056287113,[1.6837534]
0.03792105669416375,0.001301733669455063,0.3987024695162968,76.93887975963011,[0.08947603]
0.058268488852903456,0.0025550941849692755,0.3311010096341629,88.75234258732814,[0.04567097]
0.049707379873451266,0.04149058373746872,0.17543595065082024,105.09779053244193,[0.17096944]
0.09729106898748249,0.011277621523807147,0.1566292642148568,54.17977098153101,[-0.03933937]
0.07383997586209004,0.0657512387659044,0.10731787319997682,91.67534401953371,[-0.03264064]
0.0643841934148195,0.06614813267154414,0.08523856674188535,138.16522357485485,[-43981.92]
0.07780081598084683,0.013395420817169101,0.4344583132160394,124.87778782768545,[0.04327956]
0.0798585654099081,0.054334523058390274,0.11041895753073094,141.84586465896007,[-166.20724]
0.059208457766637634,0.03462379094551465,0.13188926464000988,141.3915477165132,[-5.6118236]
0.04197354613068208,0.05401915156671309,0.3042210789025248,132.6249828434158,[2.1115692]
0.06235631845621308,0.017671216158442606,0.2956286763267729,98.92661669948592,[0.07902674]
0.05479077800903767,0.06995206197905482,0.12290558195206536,68.66271455864802,[-0.115576]
0.011058314779616107,0.02740592525360537,0.005125019699795452,112.93597228295822,[inf]
0.029517230521974247,0.018728654470189777,0.04764402613040186,78.37558074652546,[-0.09367093]
0.021492438413069526,0.028560373391090233,0.2357049287348395,104.9496821088408,[1.3060762]
0.08451131155747016,0.09885097007841644,0.024434043114675674,73.2118251436164,[0.05272315]
0.06433114272482353,0.01614665628916767,0.43507294668450075,71.74024263050259,[0.07103246]
0.0741755038883449,0.06530205132311011,0.3994427557523148,53.12475622652616,[0.02048393]
0.02295740287443452,0.07046274991204592,0.04378125450056142,53.058948319431934,[-7.19885e+25]
0.03571349336995607,0.058978199147176384,0.026111363692080114,56.56636662063775,[1.0533001]
0.004350118605971565,0.03951507584675038,0.33421352300802887,69.80271118161696,[1.8753373e+08]
0.0876266451704159,0.04323890954448474,0.3098207318549823,79.04267429349883,[0.0386441]
0.06152545734642763,0.09536599623823228,0.22400735826204482,70.70498382533142,[0.21409951]
0.04253672919053865,0.04445742647637577,0.2538087433359807,102.5733249810958,[0.37656218]
0.004242919188254613,0.016441908617012002,0.22511358980868662,120.79711706189208,[-7.959857e+11]
0.07775879083055337,0.07771029994696448,0.2513893762546107,145.67475933072475,[0.6781437]
0.03318737125398759,0.048145816234603324,0.37418699967051816,135.7839518439514,[3.0321336]
0.041446005513291154,0.08486845142673234,0.2222854708753546,121.57470842863543,[8196.929]
0.0008448363578819729,0.002520142367074896,0.47022524677104427,60.21379482311935,[317.1034]
0.06619677904397077,0.028325874382112082,0.1004211718877227,88.8334182114759,[-0.11436931]
0.09259015965084993,0.05702742097507191,0.45835730597894125,120.2264240819725,[-0.01558799]
0.0501216451687087,0.05060868335126389,0.10941039316468637,50.46635227350499,[0.01380309]
0.041783624400271585,0.056337611033903515,0.43828093421166353,117.75848402279094,[0.36830088]
0.08423330461034713,0.092616128692492,0.47055793681681113,131.6019151924394,[-0.02120909]
0.013139460547944383,0.0346630014990264,0.10425124726276125,136.73815371565234,[-2.343767e+34]
0.0792330219306258,0.03490016406838594,0.2845702660278177,130.51315402557015,[0.01531881]
0.08331612447339763,0.020579367695007202,0.3653401002630578,130.3414164159449,[0.02228202]
0.004312903635336274,0.010718740423157992,0.21754182492941382,72.08812218607441,[3021.9097]
0.08806220661656808,0.07196875377244114,0.3565036467734905,126.9859656992702,[-0.08191925]
0.033074702616940475,0.02286102518330989,0.3131719796005132,91.44792495253893,[0.16108844]
0.0936781072234186,0.06424524189027923,0.1934501715061841,135.51196608041906,[2.3443859]
0.03807925837162081,0.01783098277777202,0.3908297128330407,97.22085874158014,[0.00615093]
0.025948040440427714,0.0692399245881231,0.49024253949938923,74.62535889677898,[3.8346684]
0.07902438025940453,0.07623352442240589,0.060019896088707,133.89025945590006,[-1606641.6]
0.04617389047565317,0.012578138255308758,0.2681717365480343,79.6512750794629,[0.06927443]
0.01757241932567306,0.007923817070079964,0.09944954591474958,92.95886190564138,[-0.21073087]
0.06418117636288316,0.00873791787897964,0.3578652938854826,60.174481096338205,[0.03081198]
0.017559907090882187,0.07133215621574106,0.44263183720524457,148.31383610430723,[-2606.1853]
0.06529069507012146,0.047773635300637544,0.04389377744249723,105.89507946972768,[3.370723]
0.018115022940864645,0.051440206047122065,0.3044650744671958,133.3212490122604,[5936.56]
0.03237505822561465,0.09888620933197066,0.4974751299838966,132.61508194397967,[13.70439]
0.06941525454251833,0.07336697980969767,0.4376344049023313,145.15101483457323,[0.18764059]
0.08522629265975512,0.06409386397788643,0.0367491923572183,112.33847142958386,[1425.5306]
0.035321389178551856,0.016477862322429638,0.4465830932835217,132.48904812066795,[-0.12396919]
0.052663842385283335,0.046344925615357246,0.2446506440635628,76.0720019719452,[0.01623093]
0.04026379231331474,0.043666987972703,0.007528067124185023,139.2905883078716,[-inf]
0.0029149317847511737,0.03728928840117262,0.04793665734638608,69.69643203500385,[inf]
0.09424206123971432,0.03712711716678964,0.3645004009107385,62.61601086290215,[0.00225381]
0.025128292170720934,0.08812352971212316,0.45164807524450773,78.7635258215888,[2.8790956]
0.09671131315122963,0.0668099335625191,0.2515033867671633,87.80024086485555,[0.03795877]
0.033736829429645836,0.09520107050830012,0.34666691429461144,103.41017000733373,[91.64593]
0.004348969793627744,0.024755087562254054,0.4715853613336041,105.68601662432533,[17013.398]
0.03575182323552321,0.0009450374137899287,0.12677413361246148,75.42266901505369,[-0.05157862]
0.01706855260340261,0.034497995967719124,0.10132452567386191,56.2901540180841,[3.0186057]
0.009796039588625861,0.04967275023141152,0.03483029520622272,143.51535633514885,[-inf]
0.020609763517058368,0.04642123499590466,0.20733412855331845,79.13377184329823,[216.72978]
0.03235285148200442,0.021159758341613977,0.14013414388509937,61.71050356965896,[0.03843084]
0.0689251874777544,0.06445261893744574,0.1557647016714923,138.0298956157497,[-1.2594707]
0.03863757250945609,0.06110893003188686,0.2615846630875976,82.50568036101299,[-0.22554241]
0.09297904230651627,0.08482014089963039,0.420561474009954,145.42886365563277,[-0.05165343]
0.0002482426268096472,0.0492119100230627,0.46895655953230186,63.4426759823139,[-1.1615866e+26]
0.024499413841416975,0.05050619205771411,0.3392107549109413,83.27599576169493,[-3.1074193]
0.030636467159000726,0.0775797911221549,0.01642696911422381,128.57978625217288,[-inf]
0.042854028146020934,0.06290094571685605,0.35275151245339986,59.84686294214177,[0.05904227]
0.09038461648748866,0.08223124686177459,0.18769071862687492,69.47943284958592,[-0.0016413]
0.0062805438055839385,0.030860892614021473,0.356595980301028,131.3181716179893,[-9335591.]
0.03265883012172395,0.022028988660782102,0.1636970918232704,146.43668363057486,[-27.382885]
0.009609070017703093,0.0162183447643939,0.34711955947638024,63.97634990477656,[0.9696607]
0.026662589262979465,0.08031758724580768,0.15030589192918314,109.70165488712547,[2.758657e+14]
0.05728122877653568,0.02654434715786691,0.12436714444631514,78.96754906620163,[-0.06125574]
0.08759400724240313,0.0018758146770764816,0.045818206056151445,84.12099591542521,[-0.04266252]
0.022030165511965096,0.05628573989157202,0.26973054728716334,99.53620028043258,[-1019.70416]
0.030075307000335418,0.05114487253382032,0.39311425837577674,131.25055814922135,[5.2026553]
0.05328408874958466,0.08063352144105171,0.017137739804822583,65.40661208995098,[2.4131773]
0.07481850276686759,0.0384869897222283,0.15894924509767183,107.20088129669858,[0.06989896]
0.03724205151363791,0.09095299099914622,0.1934856125114841,133.62491954172748,[1.0774944e+08]
0.06017637200942211,0.09120187774422991,0.24202678717733755,145.85140665956837,[-3.5051324]
0.057670966045295126,0.0027744297986087574,0.36943542460883566,136.14007965823308,[-0.04539801]
0.009855000940345082,0.0963443040844573,0.2817130180508186,124.07019109377187,[1.3468783e+17]
0.02240013180127022,0.09411824956874715,0.3216642296479363,104.33186379330061,[49014.957]
0.09613901971756732,0.05569687326666585,0.2658341959727677,54.47669620530249,[0.00060671]
0.054638896996429126,0.07443608893284424,0.18420161501600613,117.93260135812208,[35.055943]
0.05641078118839661,0.020797501638302764,0.27340696156078775,97.59887408792545,[0.09501944]
0.03377196207061569,0.06626352006348812,0.03057688429666533,87.27714256192272,[-inf]
0.0434109346885466,0.0973867621457174,0.34909967728517655,112.57886201294437,[22.875038]
0.015594451246101438,0.043509242639066505,0.18561754944718822,144.03975501846134,[-1.9175643e+13]
0.04528176311820769,0.08550999869224472,0.3268059257065031,137.92869554171546,[31.294033]
0.00033354447990772144,0.09247882362767179,0.4756468771399048,65.4935516693352,[-1.713679e+28]
0.0065710676058981735,0.03172833574910473,0.2927777249387893,102.41313450448837,[-83031144.]
0.04351226187451721,0.09126771525142097,0.2849883259962751,143.41367486942812,[261.45718]
0.05761543540560689,0.01851801941495327,0.49103935444334407,149.85032604111038,[-0.05971661]
0.04464681083335516,0.07624305583027202,0.3182817090922908,68.52439749130983,[0.01609712]
0.05792019600682361,0.06542419346310836,0.296870185097808,104.14766389935005,[0.58569604]
0.059187906853578366,0.0708991172293578,0.3854889868306556,58.90501962977544,[-0.00794607]
0.09134954904132798,0.04496250050577455,0.34831055790559734,88.76390491667195,[0.02491903]
0.00510571487547602,0.06636412576192516,0.1828302820744328,105.27799601314446,[-inf]
0.026658984055727787,0.020387608067190602,0.14810247690626505,134.18676325919995,[0.04845874]
0.09240151916739525,0.09785835876003031,0.20716547368311133,127.3186569430211,[1.269639]
0.01680531205904854,0.07442558911563787,0.21210315923307027,134.40920891688768,[9.3964764e+14]
0.019702025905972788,0.08189155413922888,0.03616266155675579,134.61077117521705,[-inf]
0.04236489364382933,0.014074135541701694,0.15295857544837693,120.9361933483824,[-0.16258825]
0.04462849674538119,0.023326435882255137,0.1193827475582333,119.31732530029771,[-0.01815054]
0.0647769477894342,0.006392509607999475,0.4062588497111339,64.01841831673873,[0.05589499]
0.024056424441156268,0.0013903825184684027,0.2531274176696669,135.0932048828805,[0.11277375]
0.09297370841390667,0.046330977444316294,0.05137463774354739,97.43051157547495,[0.1385925]
0.02904582710630668,0.030939728053823768,0.12147954505196595,145.36915489132355,[-9848.367]
0.039741032927442944,0.00035734334650691093,0.24763108122943867,120.01977471477517,[-0.15995905]
0.08152703162348696,0.07533868293420831,0.35108113297487925,69.80956281494338,[0.0194655]
0.03501053774260956,0.04594720626912786,0.0684811742433783,92.73774694179545,[-291.7321]
0.010148815654607136,0.008725561520610292,0.41809286384896815,66.89475584179391,[0.9092511]
0.047286841209022545,0.06249123981609253,0.4694844419852353,80.632322550236,[0.22410895]
0.01811214483155803,0.08754213432262468,0.15179289887452935,77.76530725874899,[5.592692e+17]
0.015012789635989643,0.044468182224225966,0.11573736294817555,85.88615967449317,[-3.199451e+15]
0.033364657677519206,0.06248875697828198,0.22285109854339746,117.79434434790585,[1453.4615]
0.030085686901076204,0.032238179606662046,0.4991397650858842,73.82739078192124,[0.24728008]
0.0762861478793503,0.06995866830533631,0.3239203255765561,62.15615992516877,[0.01410418]
0.0005572317266465788,0.07455532583314523,0.04151424944618359,74.27191203435788,[inf]
0.09892276317622745,0.09661141753860625,0.4606623749090466,108.32644794345589,[-0.14944242]
0.045623203670491,0.04623376020117184,0.16986957412493686,146.7353302165056,[-49.489407]
0.08159795485724872,0.09919252374110123,0.15044085669149454,107.98507253564827,[3.8258488]
0.0682067861155801,0.03836291545431915,0.29208900006198335,69.65172183057715,[0.00627125]
0.03138682041025747,0.013494683208235537,0.3213893546359967,83.41429798111571,[0.10771609]
0.04248362356694272,0.038056627895579155,0.026374915531963417,139.58538507864122,[-2.5019143e+38]
0.07274746734599567,0.0324033195537739,0.4493496597142689,117.5623221912983,[0.09246977]
0.09916711272492545,0.04632129618386249,0.0548039372236076,62.159851003346034,[0.02517991]
0.07464716071236888,0.057874770447052484,0.10840474472047845,104.75958984972186,[0.04952317]
0.05298038787220699,0.08577763335707876,0.02653812215637158,61.305135358948604,[1.9361315]
0.04426010959130248,0.013941709325616081,0.4943712219385489,69.8252574752426,[0.02440603]
0.061963298945392126,0.04436569840058572,0.39083717855132155,55.26295685018017,[0.05286316]
0.03243950640167801,0.04697726160751016,0.05681696234774075,114.11773094303422,[4.5716682e+18]
0.05342146566779802,0.08268086103496063,0.22114252773946508,79.50208030920727,[0.18254192]
0.03158921446849087,0.02356500301182192,0.46649263538995517,129.87126238028708,[0.07447122]
0.034345827780417205,0.04498338751875084,0.05055499918832501,108.93796444635342,[4.2002877e+12]
0.0728906475130981,0.022795279494932333,0.22100766757519408,117.48476010454057,[0.11575077]
0.04426435139280304,0.05505454408148197,0.09742462824527426,129.49981810298436,[698364.7]
0.01096126664275653,0.047071471817582394,0.14555805922322806,60.53898641438434,[1.8311927e+11]
0.08555429798971552,0.020019634379217333,0.23463389145112307,111.27589268331602,[0.1915763]
0.026961220601569125,0.04796636378627942,0.2652344272145209,94.48168716388514,[3.439293]
0.0363158653579688,0.025602141644724075,0.45308668907668326,100.94801022579838,[0.1479417]
0.07013419421870024,0.05340145855450225,0.14303114079419071,97.8644727906809,[-0.01144065]
0.08232138906409892,0.08759929350330688,0.47039770578125795,71.59161928095915,[-0.00432344]
0.0345215532364175,0.011894794111099305,0.49412762086203,113.1011414991907,[0.04652504]
0.07048748572055501,0.0430737955261757,0.12177536915006737,88.72291185052497,[-0.00584771]
0.02886883516640223,0.05324040140891306,0.4081104603966908,133.1783582964431,[7.59572]
0.028622020835056074,0.0177582073958203,0.3615629450956945,91.70265213641659,[0.15860404]
0.01819515777304175,0.06043469372958428,0.05626773415387076,59.55176055466269,[9.698583e+31]
0.0012051197960855965,0.02070866516935125,0.23950412714916386,66.23096000172029,[-1.7927656e+25]
0.006868755510338565,0.049251148423205715,0.45157272567308776,51.15008946995441,[153.93216]
0.02280781930549454,0.09013201122064954,0.31711938792195893,133.04730511913849,[869707.75]
0.09093094685462465,0.0218746804797757,0.3697673126199067,76.10164292035743,[-0.00386674]
0.09384310263601532,0.09571495206696139,0.08010619916242862,131.225408304047,[1536.2899]
0.0047129677229035384,0.05994000779051593,0.2409644466205284,109.95792117126203,[-4.4920264e+26]
0.07599185932484054,0.08700257768707972,0.2515107054722464,57.3660997125922,[-0.00040323]
0.09137639863570068,0.006078182850454517,0.39723563824769836,62.12387936938949,[0.00993868]
0.09026319203789857,0.06344379466773087,0.1550874744000077,136.51444888780645,[7.55342]
0.018039057562527473,0.021556823711736894,0.1629454248760172,91.38350512522118,[-1.0868434]
0.021867176140305825,0.0919710387507836,0.22020612553068475,145.18259480303294,[-1.3033383e+15]
0.025325093974455416,0.04685526660747104,0.40080089044207207,148.93351845665072,[10.304478]
0.04497421399724393,0.047000958916143365,0.4703344789323579,93.2202985279927,[0.08976362]
0.04404447869515574,0.09531483167760263,0.24844399880933044,62.62326482273684,[0.18435606]
0.094145648686315,0.05014757912800513,0.1803531467952687,140.06979568746576,[3.8230433]
0.0017140762178309067,0.09476249676938954,0.043753222424673055,57.54997107623541,[inf]
0.09422592926414503,0.04779660110723341,0.08985285468455007,148.22646644021353,[-412845.3]
0.03352160925052008,0.09413393459469507,0.22974559836569014,86.79333139863252,[6269.6514]
0.057333575903778015,0.09105218912042584,0.4900430915867663,119.5726947697289,[0.43247434]
0.03683057641193687,0.08635941806630228,0.4621597180506147,104.2922908343841,[1.3986422]
0.071155080481553,0.08714989029295776,0.3422406650762703,115.04323300302245,[0.24637139]
0.03807171716108157,0.060040954949517,0.12159113471679173,61.98806470232636,[0.9546753]
0.02585324447932127,0.044623722519986746,0.17228200077071315,120.19773406356794,[49533.297]
0.03825277998361024,0.05048616050883528,0.14542788952717478,58.90261920485119,[-0.04924425]
0.07167954018596762,0.022411042811888517,0.232720707263682,109.39560642374697,[0.0177305]
0.06726223918786632,0.041474308419379026,0.13955003932194454,139.27781993958104,[5.744065]
0.06442743144075573,0.024802813241918343,0.3840468668864891,103.68090250410089,[0.01271121]
0.04197689601439406,0.009739089925994406,0.11108073860972673,60.542445827165295,[0.00097437]
0.06972293949846019,0.07476308375644232,0.2178733729967351,55.42944892851127,[-0.00648034]
0.016993653461909265,0.0944905791748406,0.4459577888672323,89.82601025724094,[-1164.6826]
0.014143570408023866,0.04434725373532547,0.21676148956944508,51.95387431714412,[327.63538]
0.07189916241768497,0.06574379737614737,0.2932922427460196,130.6942692902578,[0.1886834]
0.08208176492808417,0.02141469023200896,0.03512883675164741,86.8775841760787,[0.04486937]
0.08812946924485225,0.07755212317418916,0.1276846512030348,123.34519729310138,[5.8678923]
0.056666347189739445,0.02764946280948696,0.3603236617708202,78.35466636584681,[0.03304781]
0.034156965331924485,0.02024244434849991,0.2789305044081619,94.83436404889378,[0.05764611]
0.06323109198339634,0.0010512187294489217,0.20286713325946437,53.75514223111884,[0.00496191]
0.030505302796435,0.008626643861912331,0.27276974001369936,142.04465606015444,[0.31617597]
0.0854354685341935,0.04912563273126918,0.17209253329986446,50.22090399468402,[0.00451602]
0.06446103481083068,0.032202767186978225,0.1955009811212201,112.2185246245763,[-0.0052022]
0.018450426456919033,0.05611316971641529,0.2248694721545953,87.65467350033094,[-93143.09]
0.08377738135504521,0.07310953818190946,0.07906974790874793,141.1628084253215,[-129927.03]
0.00019239424662348403,0.02431824764727285,0.06853534677841794,84.13730913765852,[inf]
0.01479891520595973,0.028117346249869425,0.20022710302938124,97.33859565483314,[595.74927]
0.026984881882917946,0.006797816102691046,0.2702794816268628,113.3384635684283,[-0.24967018]
0.06559472667421737,0.0028678752383410003,0.05293132545775131,116.82635046582718,[13572.333]
0.010257004001124437,0.006659066128286284,0.22584334807678919,86.47414742704188,[-0.42835408]
0.06733429161633879,0.004031134048235441,0.11265589019318484,78.51853204904141,[0.00466877]
0.03252681123006164,0.0007933937336056185,0.2754414313425315,51.300195775887204,[0.06514603]
0.030056343854343026,0.0909826096046766,0.07909762006906218,113.83619375735663,[inf]
0.045653991346440985,0.09249360588910813,0.2203473121521407,70.26505058037156,[0.8999265]
0.09956570373048325,0.07239434568998368,0.06483507401465821,102.82065326831255,[1.0177759]
0.030625421298612912,0.08819108131958839,0.08047723480612912,114.38936007559869,[inf]
0.09575816821532361,0.09088287728057498,0.4502457876493573,116.35888616183324,[-0.09356994]
0.03030462280940506,0.007490318902788506,0.08592817097522276,139.35934929285727,[-23556.076]
0.07079093872875374,0.010435889122877396,0.4860167388632222,100.98924667919377,[-0.01345027]
0.017180499502688875,0.04796042342278124,0.19959110865376462,71.38799594544392,[438.2481]
0.06329369814435788,0.05260938671614718,0.13705874410217267,130.2772258414907,[5.0434923]
0.05388090484462941,0.033943554292737654,0.07890664333401648,99.94574328466564,[0.01555061]
0.015396339039452745,0.09155751306731023,0.24746060545234733,141.2730810274194,[-2.815359e+16]
0.03198759379777799,0.046025498661567625,0.2606827665092667,139.83439647098157,[23.577614]
0.012694845632797703,0.039862451588492276,0.04218505895198843,141.4337162679304,[-inf]
0.08165558714646765,0.04005628887342018,0.3344198676826874,104.30387408602328,[0.01748312]
0.06117843348998259,0.08521833762914618,0.4932393103952928,58.08897884525379,[-0.096262]
0.05678899586118178,0.09032549715047772,0.1982602306993585,75.46265102305917,[0.62369686]
0.01311816966281073,0.062522047193762,0.10551035473294024,87.83366768008567,[-inf]
0.040124877973252884,0.06244473303634984,0.4776325628065676,148.8572361790297,[2.254748]
0.029893411696246475,0.026451559613660327,0.3601289749156014,118.9599492816081,[-0.07201995]
0.027135593901212063,0.09459771445389442,0.4006875947023866,69.86260642994668,[-11.326543]
0.049655087568600625,0.009229556807637873,0.26247518895257227,106.94114431803371,[-0.05804523]
0.018133551881898313,0.007457790908054185,0.09003996229357808,98.78049161095328,[-0.22775234]
0.005593344072776552,0.017403632977254814,0.09705498050939254,92.9103849803669,[-4.7120146e+28]
0.05362155419839355,0.036751620835758995,0.32269695545649557,143.20506005232923,[0.2727555]
0.023292270456066536,0.09900202824416987,0.1668358848229196,109.85046717827629,[9.862078e+18]
0.035892013365209266,0.06803914838039583,0.4265999060308699,129.28425281034134,[4.723031]
0.062184259422872534,0.05655790165051017,0.07633548105039284,131.3436849048217,[-513.4073]
0.09834619799393521,0.06335751503771461,0.2907187645442299,64.85912979409039,[-0.03384639]
0.027667341635045972,0.03605227000651762,0.09585501936583501,149.0393728500621,[-2.5352384e+12]
0.09232690293671902,0.037207536889220676,0.07257781524877482,89.55734914737627,[-0.07623249]
0.016430447234298474,0.05382189951265483,0.08917714247965741,54.904434686440915,[5.6361718e+10]
0.06143392207659898,0.03810054851064751,0.3417374462603027,102.25032246220754,[0.1219715]
0.06276310734226936,0.03184925119075393,0.29111384210152286,99.45729921968277,[0.06136878]
0.05943170083418828,0.0007683682044184459,0.48244895581761293,73.51075438194628,[0.05331928]
0.007668562218233155,0.029482245129793208,0.34646732355736437,143.27334720570602,[-2186583.8]
0.08441509411190785,0.03266936247423185,0.4160854607914561,55.43958368847056,[0.03498688]
0.009283046373768367,0.01863475301363715,0.39388317280690893,122.42438157483649,[34.092552]
0.013113783938663404,0.07081286399706054,0.3808890905017448,69.08604522870674,[-468.61017]
0.06706971739440269,0.04056005671230052,0.036703990856239765,101.7454510279021,[2.8420014]
0.04925672007758643,0.08819086975363027,0.28009586218049853,134.02487318957162,[79.78259]
0.045325660047574615,0.07155395748580899,0.4849319995399535,52.11155416828015,[0.02085563]
0.0451306486124135,0.042985427610493725,0.3900349957389901,51.85384988208433,[0.12802161]
0.05798528568904781,0.02788243165974974,0.23828926123583205,121.72544240447256,[-0.0205354]
0.06298960406438774,0.024619640901093434,0.1027030063671654,135.06564028121215,[-170.54018]
0.05075354593210375,0.09795599539218003,0.33176035852747415,72.56716014706208,[-0.49726182]
0.01693611675274076,0.03242624197132037,0.381842527075326,96.02584519420009,[5.139906]
0.05679286836949885,0.059520582826388085,0.0872818569418668,84.31691979005242,[0.23811996]
0.029450368268311912,0.09362808605548839,0.003777388138454907,145.61787972184322,[-inf]
0.01411820503327439,0.054413232987251293,0.1312784381178878,80.44166293157357,[-1.03840325e+18]
0.07626648292081759,0.06910556395190345,0.38269805346795743,68.90467812077318,[-0.005222]
0.02027608881192873,0.07577139778984489,0.06064265869801877,140.7200294502856,[-inf]
0.09237278685548939,0.050514456899635955,0.3516470768601998,83.44876715117076,[0.05859091]
0.06367722605778524,0.002502082002400952,0.10964041569626448,95.37084652911997,[-0.01357818]
0.04902183892077625,0.09857320408866142,0.49945071605243957,62.30973461149574,[0.2453278]
0.027615520267600936,0.008258583479391358,0.17070845933149226,144.89179993614692,[-6.5822587]
0.056978260730024266,0.003995352117594386,0.26031553191393686,143.30973092437728,[0.34845537]
0.0972793817486426,0.09118584240014498,0.3796313779232448,75.15639482272698,[0.00795425]
0.09005556371818463,0.029717079389784753,0.4388144309481755,54.139800524035486,[0.01889701]
0.005641115430945254,0.08031589867972329,0.05335431392980211,93.92071923252936,[inf]
0.034315553644973705,0.027790752385662365,0.18102562753754753,98.56617978432008,[0.03932909]
0.08364316822527515,0.06171837122570896,0.4536841330759326,133.6709543976489,[-0.13734238]
0.014613108183789737,0.04227643149943233,0.2665065618177021,75.57577719987282,[532.10876]
0.05662862341161665,0.0974220864213858,0.11261021042590386,128.4562779416068,[1.12741106e+11]
0.09949487819054584,0.025405669811389933,0.4280307469589385,67.39020540041186,[0.00635493]
0.09220077491054214,0.030421382529653252,0.13900516147071657,140.47349421426054,[14.809918]
0.029116699034613804,0.0222095479412585,0.15466780467111996,117.34649174318737,[0.23197052]
0.002161845651853711,0.015381638652382469,0.055465570596977376,102.33251702256639,[inf]
0.00512864501970739,0.0920648938392358,0.2341559556277305,111.52140783059647,[2.8215107e+36]
0.020067580306646206,0.06958544411747163,0.011989541072120857,57.85115351825569,[inf]
0.09126258822700577,0.021504957797656044,0.24516191465362452,102.31138754089474,[-0.05411702]
0.018536888487412608,0.05894972138117053,0.1306398433124371,115.57249640502378,[3.4172742e+22]
0.02572366363961988,0.043250202960410926,0.25037987171322146,51.93860817298476,[0.3569288]
0.010865334583091158,0.008844196896568136,0.22518493633404585,103.7523215363741,[-0.30640054]
0.0976773268744416,0.03449453390161639,0.08942767104279503,146.71928129805215,[-339432.5]
0.053560139082083416,0.09626562838855124,0.17585456125353977,57.44631724165163,[0.9985709]
0.04540087772748415,0.09789061753822562,0.03577099366359704,97.58214311000296,[inf]
0.08487979759362574,0.021098669974021336,0.3960799805514752,56.46506649447856,[0.00770994]
0.0314718079482574,0.017067347992067685,0.48717550497593565,110.68531894491115,[0.1660787]
0.027892005196867322,0.09224811374351784,0.27693645784981075,85.6068329256799,[1261.9896]
0.07087192638539781,0.06749891840730819,0.48112124911483667,56.12188288944747,[-0.04553928]
0.08772470709191595,0.06518393007874766,0.07677240177051026,90.76041566031174,[-0.08696448]
0.005687286478947052,0.08705106007648174,0.05010879264873963,71.92781663287312,[inf]
0.07086797565914607,0.07609607187295762,0.10851670888629467,65.52687716826235,[0.03647945]
0.0025174426572427745,0.007988576573777452,0.44117622769259895,67.91220126936446,[194.68398]
0.04035790164957055,0.07700354300209139,0.491539060677879,137.2512057115136,[3.1672773]
0.09227803485581099,0.08319938239888064,0.17442733449449255,113.7171171046398,[0.38184378]
0.070729081143991,0.041279721958337436,0.3016828460996582,147.08656283837973,[0.5516949]
0.032661966889210185,0.09205250328911313,0.493667121725252,108.69497045842165,[2.6180644]
0.09150484707247769,0.07436668469623152,0.3593708290629218,61.31447854744798,[-0.01753755]
0.07462805298929434,0.017895601800448357,0.37850186258249,55.977993503038135,[0.02872714]
0.08760246867964565,0.01869048762319523,0.4290767184987592,139.55238779970864,[-0.00480656]
0.010243696636939793,0.011582891576771637,0.4875534657083082,148.42164375946953,[3.158482]
0.009629147700576624,0.06360091011696338,0.1846462907521691,55.897309923237124,[-1.7224844e+12]
0.0851773099405998,0.0663582575190396,0.030273586113527207,95.33136923378812,[-0.22723405]
0.04067994507499837,0.09849930426685168,0.4972756637574107,72.66068401534021,[1.7335804]
0.07630792691990627,0.06627363461417665,0.21716175337829918,107.57737318442022,[0.13250567]
0.04101961374998874,0.003922930544180437,0.3774370567113568,129.56853436169737,[-0.1783604]
0.09351169796032696,0.052108316575255866,0.033295986855011894,142.66612943989907,[-4.3683407e+32]
0.025105930810308763,0.013183592100848874,0.07263020777491513,109.11642232160732,[1.2653211]
0.039076202544344865,0.07080392172175308,0.041683997942544515,51.64636279446169,[1.3858116]
0.09602641195016776,0.009079350398567066,0.17281661065277332,51.87866409141385,[-0.03484277]
0.08834646552185982,0.08468417761533426,0.29427489254668077,65.86283171193156,[0.00545191]
0.08015171578227176,0.006764186136124984,0.22855597460617322,81.58280241962504,[0.11465418]
0.09971353677713837,0.09777412921273239,0.4155395984151004,95.10588432388994,[-0.09855521]
0.05025998963131021,0.05515948504838977,0.27951276767100075,68.20855383651998,[0.02408494]
0.020128193796714357,0.07061384693927251,0.4230812500035851,145.95108930694835,[-429.11246]
0.07608453487966739,0.05548347357241062,0.042788526425780016,58.553468129012856,[0.01529413]
0.01525773263281387,0.07061830349266728,0.13908153877185658,92.32516877942615,[4.9617816e+24]
0.015242061474184665,0.02368210153205589,0.185427313708953,111.3431548343788,[218.27702]
0.09777073190895147,0.012718674542533582,0.14663791629359363,149.6604771198343,[26.53102]
0.08831293534666797,0.09555219019503375,0.26457235161806736,73.57718336900199,[-0.00833782]
0.020146370949857606,0.08038763880498134,0.46570751043630143,111.68999775150803,[29.269403]
0.06864102624377016,0.08836965141073494,0.1286793463617989,108.14751842792757,[58.26934]
0.05666544518691761,0.09228900617161986,0.16188167545649074,63.800258655876675,[0.71155137]
0.01037738710907672,0.028310609117256372,0.03249297375647575,80.63448907148921,[inf]
0.057850529008344746,0.044594929277880536,0.32262133454161146,102.40662881344397,[0.18289526]
0.07568297787825466,0.045256812517114324,0.386876538868401,97.38691697783355,[0.06145268]
0.07262129746825056,0.07749964549109706,0.42717086715890024,66.10842600216007,[-0.04121903]
0.0723303508772563,0.001098044027560019,0.19996517534010744,106.56084540571172,[-0.17927201]
0.002950849020542945,0.003839080535109174,0.11963469838560176,85.51354364460119,[41.781506]
0.07004471816280891,0.019060012452771738,0.1981178685492222,140.5325101313905,[1.3582561]
0.032263955339624575,0.0765675646109618,0.2927948429664361,55.33010217851481,[-0.8437396]
0.09727510194643019,0.011029362498230012,0.1708673169811163,145.19059159905055,[8.794253]
0.024325414220739274,0.09493265061054369,0.33025203141798215,69.22327196864717,[-158.54213]
0.014124913932576545,0.09820499721840055,0.2241533121756894,123.04973148993376,[7.795808e+19]
0.013275319851546242,0.050678117045317786,0.04727823022834521,99.61381990371372,[-inf]
0.0009823190306610609,0.004178778226464486,0.4570293036222134,138.95819112284482,[142479.33]
0.07725713841805681,0.052954197769653925,0.08317590792389562,123.8206860915051,[7.901526]
0.021409895592325992,0.005801608036285488,0.15784038077449158,108.5526333667859,[-0.6016336]
0.058182728984183946,0.08312495028531044,0.195974691794574,64.9622738836947,[0.04306141]
0.0039740801346274,0.0198013488173743,0.46710911522146886,53.72191140104322,[149.00603]
0.0638262019261747,0.043646401780033955,0.09352442147067047,117.36933743788347,[1.5944588]
0.059482388969283956,0.006684591565806009,0.33195548441845374,57.64002336096014,[0.02544569]
0.02237375658463352,0.056963130089047256,0.3581609039150562,107.83165626977333,[25.95924]
0.08976681706338913,0.07003775126869206,0.48501166865035283,77.43282430504073,[-0.04644698]
0.09848298418897139,0.0194559416302169,0.09632317091311915,68.9780306202286,[-0.02508974]
0.011805619653116418,0.06255413817104742,0.00226406267465723,130.75714190297947,[-inf]
0.05990403645023467,0.030286708607409007,0.44543078115890317,134.28253374360224,[-0.10508572]
0.06317201622209832,0.007565070652299378,0.48241826635381485,111.86351410071623,[-0.04775414]
0.0893982805096909,0.01629846104349436,0.013585463893652117,79.920871572083,[0.03774865]
0.07837014145265062,0.0823371097802571,0.44472268033667395,85.25664448777269,[0.00785492]
0.0818109421749651,0.015502080009570719,0.2747863848519878,55.06420796979682,[-0.01453202]
0.07200092019711091,0.03620096042093159,0.05393979346713601,116.49415914488057,[96.71736]
0.04260046393382785,0.031927950137833054,0.18249471525450417,126.49501817329514,[0.7543611]
0.04079173362763399,0.0880751715284717,0.07634452028748112,88.69828259758974,[-9.126458e+15]
0.08691194927537582,0.05971806701265639,0.36243704280738054,134.0513475361857,[-0.01223547]
0.052509283014593136,0.012325240249941471,0.16161578284649952,76.50362325271502,[-0.04056014]
0.015531825505435604,0.06054035416997009,0.10686607793281666,136.17310473093795,[-inf]
0.045508847065902074,0.08025280225021715,0.42317661706169885,116.02197691937965,[1.0693561]
0.08189385422102168,0.07894837855239514,0.2896365500911933,82.7252556030131,[0.0304658]
0.04122668486762391,0.03035711163680055,0.241969538880541,90.27242632716936,[0.11033846]
0.03325105537973342,0.011181067038989956,0.20670822620227303,63.97221080700773,[0.06518232]
0.03638836972108672,0.010759329522482953,0.1916184489477168,103.769214190539,[-0.20838949]
0.00745157790371539,0.025685348728515647,0.21327303310243406,77.26386736211913,[-1526813.6]
0.056312738690512704,0.08111398698335537,0.39124557784145264,70.85498586148205,[0.03875606]
0.01986623220841978,0.05580864122298171,0.18336596301663088,54.685253060555894,[362.3493]
0.023163492044969283,0.096449570514647,0.4850382135029412,85.67750214500307,[-26.982908]
0.004177129015567516,0.07998744622693801,0.14032980292603753,55.18232470985947,[inf]
0.024452531959306446,0.015226058521599051,0.45496397190097787,69.49193785061203,[0.16212294]
0.07493386932244818,0.014148801229965036,0.03816837010215235,87.14673084693187,[0.03363592]
0.06101197106678579,0.05313491089100313,0.42069903658869456,93.6387317113412,[-0.01826856]
0.06116596414747388,0.005962037872741266,0.37261757325770484,119.52079310379958,[0.04319568]
0.08119199687401314,0.010421726885540928,0.23099264958264454,115.42397332597086,[0.24454176]
0.0008304725143595815,0.08511911013000023,0.4103590071480471,101.29799108004087,[-2.7565785e+29]
0.03459871173065428,0.07290490214224941,0.444830476006245,99.4464934117176,[1.2525779]
0.08852233178475237,0.014776746350245097,0.165400994030603,121.78439247690788,[0.38109848]
0.03599336123847892,0.05224108548632909,0.32739347602591096,108.92312480775327,[0.6723044]
0.04281950764933249,0.014052037826459075,0.20565735893194675,72.63425088335023,[0.00518808]
0.08125309070001863,0.07900386574989354,0.10772777950610618,108.30755515714256,[0.9132783]
0.06599716391664058,0.04278607264557797,0.04295197366996806,122.57803446771436,[-6838727.]
0.008532788186727813,0.06812390540806411,0.04018124381590321,109.1046513440067,[-inf]
0.027722738925367498,0.0404131605850718,0.49294991731595184,145.02818537195284,[2.0355754]
0.057751557577211815,0.0688741466094444,0.40246290510300337,121.9045370852149,[0.43922222]
0.013021444648608405,0.04577069985137377,0.41678259604372636,124.77634593522843,[46.315205]
0.02377092060280155,0.0862911511131287,0.30641389465049357,78.58463274164289,[-876.4574]
0.005731509365295717,0.07420699676863024,0.21734440264721322,147.4350754973754,[-inf]
0.026470315334372885,0.006860849782009049,0.12384658919090441,90.40141537551237,[-0.01948866]
0.0037068006810233034,0.03880470657907841,0.12166559899701945,149.02543488546655,[-inf]
0.017149121559273894,0.08443565152028082,0.08396597105682302,107.94169087227561,[inf]
0.06591260211157543,0.05349152810097749,0.47322833139350023,93.21027894146658,[-0.07523609]
0.0650801317274696,0.08698982156963922,0.11698558468969605,104.19671834911237,[175.39258]
0.09841831489925075,0.07613339044061831,0.3532402700637872,89.15725192125188,[-0.01571663]
0.0851220948298631,0.08401712679043809,0.21899212119416628,107.0627764340517,[0.1761361]
0.06792185680801537,0.07888400763783034,0.22276880644224856,83.1692565258281,[-0.0038237]
0.01399001237720986,0.07216842213124455,0.37356417349401283,69.26368000507534,[-251.50345]
0.0857243868040826,0.016293784136169154,0.4134893179735246,62.896661380557646,[0.05524324]
0.06421611014312088,0.051973423663143774,0.06690530886338186,121.52912432014288,[-85.93281]
0.07672052847800764,0.08907850423645669,0.24615553857050726,101.79660872214683,[0.28207582]
0.06545350357774699,0.09068291643585986,0.19080982633339555,117.88311444062752,[26.431173]
0.0592758813184524,0.01806689215055427,0.34306220063424736,135.25772561204258,[0.05869849]
0.047078278170219194,0.09506695760686706,0.27522054105085236,138.2978349417684,[493.6719]
0.07588867438570385,0.04120418907045651,0.15332093522623974,89.61758577045003,[0.03181918]
0.03444172273838521,0.004694482230634057,0.010813804166211027,90.03015615421532,[-0.02970691]
0.01879108711052323,0.085007261939749,0.4818465589368801,78.72462824356715,[-0.92082393]
0.07158897918750207,0.03664872003165203,0.4316276401706117,94.30537843504656,[0.01265303]
0.09396715925214864,0.06589043675704104,0.053456228194073974,62.71150760441425,[0.01821914]
0.04102627124184354,0.057477673755852804,0.2607666963765828,136.2652797940167,[13.480919]
0.0005132836900485271,0.012033306200954342,0.1606214836084084,134.99081452524877,[-inf]
0.0003988930343728381,0.053334223111377026,0.00045090809489384265,104.05979341690364,[-inf]
0.04793142880951537,0.013132760974902692,0.29225264538087503,112.01356906993448,[-0.00540196]
0.045272153360460025,0.07977385598370727,0.030026351988009126,82.66691344100875,[-1.1909565e+32]
0.04802200408183152,0.032935058538527816,0.060474548722994015,61.46356635821212,[-0.00780508]
0.07738573841342412,0.026708513926986744,0.33171554803603304,134.66656687751333,[-0.0398998]
0.029182422005336963,0.01867531711706535,0.2866523737506481,130.09014216724626,[0.10291053]
0.035192903689362974,0.08378589320032542,0.490143999373472,115.39239101965453,[3.0609257]
0.08940159536300799,0.009173352816623648,0.18946334170120788,136.58369185220874,[1.9962682]
0.07297843407317144,0.009791048602358677,0.11599417076980062,83.16733265947563,[-0.01281821]
0.06265752270866684,0.07474872140008014,0.24128752168349965,52.70819942858026,[0.00372331]
0.08725367841163385,0.09313160302649948,0.18051389052502126,130.99009625530303,[2.716593]
0.052202843796946674,0.047653658520758035,0.46709922588767183,50.80869915856241,[0.00873943]
0.0417956324164763,0.02356725451972144,0.23411155590710814,96.83403096671228,[0.02536043]
0.019272943921924024,0.05767594515415513,0.1952159103987009,143.59153970116606,[-5.804433e+12]
0.09361149318791764,0.03822923860101986,0.3777121148582305,112.25012179661793,[0.00160529]
0.03718686078754483,0.02626310187204907,0.4613180879382268,68.92086081612922,[0.016176]
0.07897513845283144,0.07542368644442037,0.10411431230002521,87.29399403964311,[-0.01778366]
0.04470440454923076,0.050005102360570354,0.3001317851686332,84.99728647485986,[0.15537712]
0.05983162825910702,0.04378020136742783,0.4751164215865224,119.22364682577954,[0.03994085]
0.052100618468868744,0.056306320177590366,0.05442491784856035,77.55064409996345,[0.06163332]
0.0705799576059743,0.09846293854259616,0.15144779757084165,149.07615633336184,[-341164.84]
0.03522186560428205,0.045382361757870415,0.4872064595500583,132.60994010532997,[0.6939437]
0.05272426230232483,0.09826268848231728,0.49339878125746667,65.65162693473138,[0.3055977]
0.07870737877217089,0.027120670624940037,0.15168987270907047,93.22232001165294,[-0.01541225]
0.04770191912301475,0.013539559543560287,0.38194598973698124,53.28869394084923,[0.07253382]
0.09609389179517934,0.02670082701538831,0.35326880658870863,103.28919744997222,[0.04659089]
0.08390379458764326,0.020396779301074253,0.015179313154581042,67.63319550096479,[0.01778472]
0.0680782266588216,0.08134694494396497,0.07954588635703846,107.65106327510631,[891.1924]
0.005375473248778706,0.08271442874149222,0.04501902164529897,67.586674295863,[inf]
0.06504586230029229,0.046983050355583506,0.13722551816077866,144.27800644336162,[-4.6724405]
0.05606805754761044,0.0160549353124097,0.21116676327834227,120.76261992723558,[-0.06592853]
0.045740005355625474,0.010578499528402896,0.08677369870642071,74.96134459330257,[-0.03525388]
0.05465056318291989,0.06353642824857833,0.2381257035964507,71.21872495894665,[0.06366834]
0.03434768236487167,0.08708098829491841,0.12109320897365078,116.02779435893117,[3.7642753e+17]
0.038425651500394335,0.09587950376218177,0.004076719453719679,81.51245921810897,[inf]
0.07584135395012861,0.0028018977991081,0.19249047704379602,145.37998099991557,[2.3352232]
0.06751560429436734,0.011088663710643633,0.046557542064887825,144.21235515722157,[-1.6978472e+19]
0.09218161432468444,0.016954687500743727,0.43315672750119705,124.82167790943915,[0.03091659]
0.039824947245234804,0.02433699255513715,0.06807481949236233,69.56185136833518,[0.01925515]
0.051925287134562105,0.002375027732425528,0.31610633757904155,110.31759448191332,[-0.04334668]
0.06397822289784613,0.08218348050466828,0.028995274605800703,146.52324125286793,[-inf]
0.049414929777495446,0.047304331257708644,0.08224092468956079,115.86863933237014,[15.73699]
0.08718519388402703,0.007659678614019328,0.1549889913671384,127.1988570537437,[0.72588485]
0.0038648266808537614,0.05800053869596459,0.11082704890471479,103.61605430195456,[inf]
0.013866110742895121,0.03530615431443323,0.17878594726783992,90.25508583356054,[-511176.25]
0.09728728227187881,0.013501041503997635,0.1363612844342318,117.48232400910253,[2.1876256]
0.03559606704378004,0.0921829119174514,0.18656796117318641,146.42809775128535,[-2.5469732e+11]
0.018676860672021435,0.04675741993054072,0.2636441437492993,107.37389462581531,[2336.612]
0.03991621566346168,0.05387264369220196,0.11884864674999834,75.32904759263619,[1.4356952]
0.007562677771928217,0.05409296163388636,0.24441932417290918,146.7888297712791,[-2.9279055e+21]
0.07861348931544554,0.0693772472498438,0.1424570871264494,72.37368865081527,[0.00448451]
0.06905418307460401,0.022159391744650515,0.03719894202690266,83.2588060140873,[0.03408533]
0.055088747325502056,0.020019975041309437,0.05589369897038543,136.50251424395555,[-2.5895153e+09]
0.04584700290767349,0.00042513201054188436,0.12396875310174016,54.51482277486187,[0.05542631]
0.025479721599035932,0.042471051376713566,0.07181389388740672,143.69770497018806,[-1.0999448e+34]
0.04624603551449872,0.08601785291132569,0.4118414013219227,61.67180279204846,[-0.1719372]
0.009091311358152955,0.0562742972063262,0.015476785702348006,128.9672218969671,[-inf]
0.03291698003406908,0.07188892199036825,0.09612427965972026,81.96128258350106,[-2.7196394e+08]
0.06447877834177092,0.02259148383442572,0.1029214784828561,85.10805152237111,[-0.06036137]
0.0007928382453011862,0.07037183910465464,0.05667989155724329,73.34652798729466,[inf]
0.006159946453399779,0.04452136995367925,0.13629419922209707,101.4791391461983,[inf]
0.06745834937517921,0.019442089437537325,0.16596870460249624,106.35313432656736,[0.16970466]
0.024124680979322466,0.09150141675927143,0.019455785039993012,64.97396127763777,[inf]
0.02943539008202214,0.0681047552345492,0.04514168275697583,138.6055674125385,[-inf]
0.09046599743246586,0.06474684213712846,0.1920221297466546,77.82604031496165,[-0.00776521]
0.034365442898382906,0.08797232965344043,0.2653380446526121,142.83781856612265,[-20061.518]
0.04995864405689996,0.021043953413306782,0.0477331483676785,117.25199085044655,[3108.6797]
0.02937827943032826,0.0633756726093656,0.46541593096427086,51.73906593842704,[0.00134224]
0.005436398756824468,0.033474908285842556,0.15397680931486685,88.70645323932672,[-1.6402252e+28]
0.044449138191424244,0.04109260558844494,0.04781074538276597,83.31353130076609,[0.03673809]
0.01203590572183576,0.020792933886163423,0.29724362160079937,54.94056146556369,[2.7432857]
0.02893227065104237,0.05980373247706729,0.13321883803053935,102.06393310976813,[1.1737239e+08]
0.04427182750494754,0.06170811024326483,0.4221112624767927,78.22717107261278,[0.20389509]
0.08829095670569338,0.06464220734822494,0.20545947287350008,129.94765065743997,[1.1213372]
0.04336222623024482,0.06701617172448443,0.43687590848875396,82.23570665582602,[0.3358857]
0.04709104194276005,0.04015059228766843,0.058026725515150535,60.41796925285582,[-0.01553789]
0.010440639303720701,0.08741692284726743,0.4477736222746234,83.98950540604949,[-79156.89]
0.08845081321091282,0.09404450253327686,0.37979165764002437,73.61055857300316,[0.0396934]
0.06883531773265178,0.026649690266414772,0.430366526364796,142.28702439294813,[-0.03856812]
0.09869024113144419,0.07362912007735752,0.1188330849967949,131.3960552303643,[19.87131]
0.021752617033851885,0.011588183054562086,0.0744963368958862,75.29235331059417,[-0.09311215]
0.05844635205273385,0.08102125430800809,0.12653378880121302,105.86463312277738,[347.45737]
0.08828383474715545,0.04634983120273626,0.021917471055265758,104.4997493254657,[15135.12]
0.09238636184531245,0.04065045511023955,0.17445162783060558,98.36407172904833,[0.07476844]
0.05402820859390572,0.008102149526113002,0.24479079167256418,74.0242619947797,[0.03225277]
0.06492270930842607,0.052775239656833034,0.28395946773311603,129.35848805458568,[0.16734548]
0.05262864851010679,0.02875965433276049,0.05331748909226097,58.33897201939429,[0.02699825]
0.037659387495482734,0.0332365183807606,0.1497646289394719,124.82493142584656,[2.1132014]
0.059724954632489516,0.09434712722573023,0.06688259565751031,64.22722586969009,[3.094913]
0.038909593832739675,0.08932223228030617,0.39228315035229083,95.95605067464976,[0.57342166]
0.09666946932261389,0.016615923293348246,0.3465851466067641,139.5167689122683,[0.0340813]
0.08930222706669279,0.015752755855629907,0.10654250989014163,143.7791011598252,[-1380.1904]
0.09661299283463977,0.0471818746205382,0.053617660283784285,136.33065198080334,[-2.4042744e+10]
0.09621131625729896,0.0130908738007955,0.0035587641367437195,109.85611586298458,[inf]
0.09438516039298102,0.038666904964107345,0.132458078912641,98.30476945078458,[0.14668907]
0.0417481312940605,0.029911138403796524,0.41623829728324996,140.60522967972673,[0.2020946]
0.02060358603317467,0.0029532256350379375,0.283846298059176,109.82073034627587,[-0.22276981]
0.02040288605727595,0.006551124093519645,0.06908937961205924,81.81327560539538,[-0.14174215]
0.03069695238027538,0.008103692934752672,0.17912085897335556,128.80642381872124,[0.81198746]
0.02195054005474747,0.004374880665075365,0.20626912321684726,75.00020203289131,[-0.00834931]
0.06521913047541465,0.03745099524998543,0.47886761176049375,125.59246478886926,[0.00782683]
0.07122247913291506,0.0051971152017213475,0.15451766150562268,99.3603077526046,[-0.07254282]
0.09020670632757546,0.09512692609798798,0.0017250944103145427,112.12079722232637,[inf]
0.09217886040669904,0.0700388660094499,0.39458582651397983,63.68183489410735,[-0.02931783]
0.034784168489838944,0.004263141875007925,0.15302974242549133,136.20475024210077,[-0.8891432]
0.05673218902605523,0.0965139097388405,0.01617985760712043,99.16076626043153,[-inf]
0.06455541757300957,0.00043257714863418343,0.24813393895017882,56.1591509274475,[-0.00090106]
0.060269382277076705,0.08242811603983177,0.2528995463861479,134.87743569641097,[8.45334]
0.06136876323927531,0.03482081423951192,0.43395912628601807,98.21600052277483,[-0.01699173]
0.07701739235203181,0.07407512612151117,0.22351848846853511,100.81819019735963,[0.1245228]
0.0634593601974938,0.08881534016090464,0.08727465110313898,149.47330267466143,[-4.643596e+16]
0.010630530607835443,0.014057583414879327,0.008907135823506052,68.05775887794282,[-0.2687428]
0.07696815609328733,0.0727594501982826,0.444855967248055,119.50725160595437,[0.02559809]
0.05221333585545759,0.02051817892049397,0.383281792285619,129.02621877843973,[-0.09576777]
0.03390527242955752,0.04231387490245473,0.2676577596190274,54.46138906257318,[0.07836287]
0.07479227239869438,0.05416677746127401,0.011146380981517157,76.10224287617467,[0.02340046]
0.034782730324195425,0.07550587504863739,0.13166005718661988,136.36341707984582,[1.995275e+14]
0.007431388452582699,0.008450917913426882,0.4909103309163145,117.46960478424022,[2.6363597]
0.07470472529484813,0.0942860303850435,0.12667450656685186,129.12344910017737,[3213.8225]
0.03805116097748027,0.07800415981330211,0.39228597015046496,52.990556198618634,[-0.15641381]
0.013487531006805487,0.035778350192444984,0.2669816385079445,142.13867550857242,[-948941.8]
0.032192594684078236,0.002713571545561899,0.4302925841079565,120.69421680078437,[-0.1264874]
0.06882195269724012,0.04048191267523256,0.46156881179564474,64.69728657987197,[0.05239256]
0.062346189013988834,0.09067019200832033,0.004015273301252564,100.39226453211931,[-inf]
0.08270542637199711,0.03126417488028704,0.2270260483939897,149.30643179854178,[2.0257432]
0.06368705525229312,0.006107615202176642,0.26851944189861765,116.30332847077062,[0.060622]
0.07918548237386702,0.003870002023586372,0.23104128722351708,96.73525963973438,[-0.01308365]
0.021206358230777225,0.09506869454558853,0.026511777033868533,137.90419768415526,[-inf]
0.02558117338035413,0.0627240898406287,0.4664892431906837,125.36978493448163,[13.61189]
0.09028028798016742,0.06871227582901332,0.3279696997338296,105.46468735101213,[0.04282197]
0.07381018416436796,0.00894326802647193,0.11271941777570332,87.38967237186985,[-0.02868135]
0.0050207106569894805,0.015978573887284908,0.3620821369292226,88.19303997787819,[1331.2391]
0.038099595256710854,0.07175082275513027,0.20855040424973337,141.25109533680538,[23713.555]
0.026624294954422947,0.07419226123419567,0.35375144337462405,143.73420553962634,[636.43854]
0.02553743360105274,0.09591550186760195,0.1809246593633801,50.53337000887142,[461.7186]
0.029376040166034102,0.017437868610933337,0.2651729172938859,52.94371910390062,[0.12379627]
0.015441959249070925,0.09535392272346492,0.2943880996596365,109.25745829137881,[2.503052e+09]
0.058423332684746136,0.07187030378414204,0.14205804225983787,122.25352335640746,[124.854576]
0.08594571991197922,0.052715310566554596,0.06459649181491878,123.00712705013075,[49.505795]
0.07008684785509278,0.09142776235559197,0.03711022040645989,118.38218938794056,[8.375477e+29]
0.008416303163763706,0.019761761930130708,0.4656310262499775,135.38119903837168,[76.27783]
0.0973810495898315,0.03324668320137541,0.21197438368398297,143.28787872661513,[2.0384765]
0.09328887313023936,0.00978498012910979,0.015821229972711903,68.78332556682305,[-0.0020526]
0.05175755413792663,0.006285221373321825,0.37849108960527467,111.29479615472489,[-0.01984829]
0.03619762753247413,0.05952000392007745,0.4704764249249484,58.766962585910875,[0.09927402]
0.06636892306926977,0.0793880523820291,0.4586455746215816,68.05751760284404,[0.01925495]
0.07630890935066731,0.05949285052044998,0.289541475545525,119.18347335826039,[0.05751044]
0.0031680429691874346,0.04453706274480778,0.02064490836726418,143.40069277679171,[-inf]
0.08948372698735718,0.07450016052509748,0.34505755278661193,93.5152116904753,[-0.02343194]
0.06048595613772463,0.06781798307319346,0.028485539898407353,143.76334685734315,[-inf]
0.08252243759696691,0.006832803771125029,0.28213569388265197,113.03288358398373,[0.14905141]
0.010858731705494229,0.01520412640341734,0.43510836916948104,89.79521100580908,[2.502525]
0.048917053292726734,0.06622951785009996,0.3387924890959318,80.26315081556822,[0.05356469]
0.03963448322484783,0.03187257307813801,0.11372777616629659,137.48701595171127,[-87.469086]
0.051179301812936444,0.07207375392265124,0.3815819951695871,115.84958560966719,[0.5250088]
0.09442813024876678,0.05990205048894396,0.28002471494419223,95.07961236761965,[0.03573711]
0.01319863484481828,0.08267733146508544,0.3494406986557902,59.185258057118794,[6702.16]
0.07009847272292863,0.008941026278473886,0.12108740648371374,88.83184202134677,[-0.00045846]
0.022612952712516423,0.024696784233805738,0.3326494762574246,144.80399628743686,[1.2008706]
0.07574906145123093,0.012234398957532235,0.2373686898765417,54.6292142276382,[-0.01894576]
0.08902931517899297,0.023917209657572214,0.21594899923179783,59.446850079258994,[-0.02773743]
0.012904256605068387,0.048950569820955706,0.09016175029628154,138.37256063097198,[-inf]
0.027082459956948413,0.06916095544118324,0.1928490774650471,89.68991200581539,[-47168.426]
0.007264449176479781,0.0671250770259844,0.2948937234232984,62.44371009252774,[8.205455e+08]
0.06566952272017126,0.05714863167622573,0.17876669788008143,127.27996201338115,[1.3855631]
0.03818570113088007,0.07292773318832091,0.09139193491977055,56.13561934571513,[4.097554]
0.08625899909013857,0.06966999673030684,0.2630810958830945,71.09055999219271,[0.00747984]
0.007051371353839309,0.08341073343263684,0.04051656026530198,55.688244790469895,[inf]
0.06520956801457399,0.05067913853891886,0.0013589790304492921,63.84553035032363,[0.0043968]
0.08091667176166649,0.025289969857214156,0.35817972505225093,55.435782601860204,[0.00335658]
0.07300351123536757,0.02819549480381044,0.33230290238182053,117.26216052422328,[0.05943272]
0.04241514289127092,0.0430445801171691,0.431315153653996,97.63627878439105,[0.19394691]
0.03722759383604544,0.08986593913615232,0.35180511441380824,91.63434077326306,[-1.6880009]
0.03789086537542821,0.07352553466872606,0.04472102136040723,71.74549344831958,[-1.5756545e+12]
0.05484539072367949,0.06423766324856535,0.15746888036013168,123.7744535775527,[22.072935]
0.03269365968126991,0.09574609585038331,0.47383294704963896,116.42618488712775,[7.710751]
0.09895274235156164,0.08607868139360153,0.06129532163575502,97.49485041956042,[0.2325851]
0.032029028744808445,0.07227378967756498,0.35997615189536736,50.700280800922805,[0.00434923]
0.03307231562264656,0.042720448843835857,0.3310123523322823,145.47887698555314,[2.812504]
0.020366040532164745,0.02755523393230529,0.4770028582509207,74.68017893435685,[0.8041714]
0.007806236045522275,0.07406996171230773,0.32379240078296206,66.5960359367675,[89256136.]
0.0647526723256377,0.08651852084314146,0.30708509859951905,139.55791439141166,[1.3593004]
0.09499256541860834,0.07972000828505706,0.3066999951894274,119.27340456074897,[0.03148922]
0.08439818932129545,0.0396729784656063,0.06652225082062302,126.72441353644406,[-2743.8416]
0.032779550504050306,0.009615089802370925,0.2196438465418245,84.24818624687224,[-0.04269649]
0.025003223340547078,0.04212271736150314,0.12731878680101322,78.43378065443233,[7.2640142]
0.09753564173633189,0.011436992096590583,0.2378274405484067,72.37109232756427,[-0.0242232]
0.09104238234787715,0.07490769734526946,0.2231198651329881,135.48245715081168,[1.4260011]
0.05050789949922773,0.002753845181586956,0.32096644473218394,111.15922017665753,[-0.04132104]
0.07613908131026882,0.01403034601732155,0.471320836181232,88.36875839008678,[0.05955353]
0.04814244528346066,0.03924219726917014,0.49719419944868715,74.9964311918476,[-0.01078858]
0.07860862961726404,0.0953235807086719,0.242312042318298,99.08510338154949,[0.23975845]
0.013907352798594053,0.06491009608444304,0.32397343657583794,124.13620545396144,[922687.75]
0.08399952797940452,0.09991707364674327,0.32744378225131304,123.72471298057349,[0.2594921]
0.07905156365963499,0.014628547508257051,0.1884742782291045,84.587437554088,[0.0678815]
0.07486384653632656,0.09580585995199978,0.0678398288469873,140.6902229517142,[-1.0414535e+17]
0.07034262469903074,0.05568923843338476,0.07327468662524644,106.86870444712626,[0.20999452]
0.09523804156674531,0.044680850483924665,0.2786586698376967,137.69241756481136,[0.33039862]
0.059313275533007186,0.0648390509211141,0.10046280670347596,135.6883900838943,[-3155.7253]
0.048061630603784225,0.06093990578645275,0.06106478506402008,87.51097808339378,[26.573843]
0.02724435778118145,0.05341526137081112,0.13656609941503572,107.67947314114042,[52792276.]
0.02587080306275448,0.0607792324442473,0.17737861299186725,76.11271551323134,[-697.1956]
0.007503312496937198,0.0740084352178572,0.2100420414374286,63.233416770481675,[5.2488768e+17]
0.006268189264523539,0.08657269028421916,0.15456070270417382,105.53108828473655,[inf]
0.048372584891593906,0.08403164724595528,0.2518150347165511,91.95273991392114,[4.38187]
0.00811508189966882,0.029946025406129465,0.4182691804985201,141.39795679581812,[-1971.7192]
0.014629844177278029,0.020865997889476542,0.2996701571868756,142.19166416130327,[-14.758028]
0.00950727670940459,0.08654089090847178,0.014336553688946152,73.78213600918346,[inf]
0.03348955529872851,0.09195183502075539,0.22883725856139037,132.56757133850564,[7443247.5]
0.005871553985411726,0.07939770280873777,0.1869998978799099,143.7747304628677,[-inf]
0.0901962759924628,0.0433650647769131,0.26566208895894344,141.6609783362013,[0.6498691]
0.010319670154793426,0.018024719614472596,0.05267403652615038,132.51557472214995,[-inf]
0.0048820323936544455,0.06727833121076582,0.35603004442581143,137.91262385159902,[-9.259895e+15]
0.06031515019932972,0.08968795443014628,0.4570125560054181,100.50556041137037,[0.2675304]
0.09262866258574126,0.043131086704883616,0.34023609102091384,112.67359549731565,[0.01642646]
0.09027876041570887,0.07663284076439189,0.452422824904595,68.69068888450724,[-0.03893073]
0.05730193199583472,0.08909735167871359,0.3222974905752225,142.747350593575,[4.1080337]
0.004891644840859955,0.05147630040043712,0.4595110963063334,114.58180065018027,[-14471513.]
0.029940703149675396,0.09392554667439001,0.37726451159827895,105.4292440424594,[97.41749]
0.004112166172635623,0.05829402209723705,0.22738675125050734,121.83540499995026,[-1.5400237e+35]
0.059125661395576845,0.07170329122719336,0.24475764131459804,65.11024449755871,[0.08287139]
0.012375523569826075,0.01729905357481907,0.45984626447876215,94.57589522566012,[2.390965]
0.07476985018489696,0.058389777401844804,0.48069676310583404,81.13562012975748,[-0.01935077]
0.05549548853168397,0.09130246262762122,0.4636412954107004,82.63412250494402,[0.26631886]
0.02327258956227304,0.027290519903490497,0.4527054291303025,85.60265620120731,[0.61969566]
0.029908369253168168,0.0763478294045755,0.44085296731246554,75.46822905329478,[-0.66088367]
0.014712812027509604,0.07512146765588842,0.23087943319313825,137.74381371501187,[-3.622707e+15]
0.0032277399038750268,0.057114170115106624,0.3316994384684187,116.91457732823187,[-2.532671e+19]
0.08119937912951133,0.048426587662824976,0.006422495062564426,86.41880044311668,[0.07833287]
0.0676337320012088,0.07444860583202101,0.4423893828287052,104.98460618454533,[0.13096857]
0.02379032985289118,0.012490810054153579,0.467527066576008,93.50186312934022,[0.21094719]
0.0018581146706503461,0.02187834588309715,0.1916676788538903,109.67274870099499,[-inf]
0.004600873315707976,0.05157219529624653,0.34136968252426336,148.82986336280416,[-2.1509439e+16]
0.021323771694968376,0.06379993360686068,0.22571337471989766,120.03304052747261,[36616944.]
0.03727373387383729,0.06670392335904751,0.3558732229838002,107.35903478719831,[1.9155174]
0.03516761460392181,0.06948104805034143,0.07208689661894441,138.31651229261,[-inf]
0.032083945226999415,0.036890465362795936,0.11576867989752304,110.0621538749441,[29.55038]
0.05717811520238846,0.06558158719454547,0.21531447110086932,126.10303976344406,[1.8887578]
0.08261623634355196,0.01249203325126106,0.1744440387571874,84.8722537512227,[0.05223608]
0.009204872327113823,0.07557781413690251,0.06645479433364399,99.71110593930706,[-inf]
0.09688541220627721,0.08682114203777141,0.37734153194807424,111.86635814332435,[-0.06234866]
0.017066895542000884,0.08137741779319421,0.3735093715850943,124.64146535818034,[57625.316]
0.018288410988252502,0.09023479700929232,0.05812086795555982,112.58084314594481,[inf]
0.05611130867827722,0.04372503104235445,0.12278451489344616,137.94112881761367,[-26.537752]
0.03869166215682793,0.046696535508950324,0.23832023245520195,137.67696138636188,[4.100277]
0.0345739027450754,0.09622678336373998,0.4811626860034382,94.36333060485222,[-0.03973496]
0.03677771896006136,0.023427113474628326,0.4925866813668437,123.80119818630754,[-0.08648456]
0.08036233034515818,0.06425333077289175,0.426584870840601,127.95934602025835,[-0.11130419]
0.027732362240142562,0.019926831294380498,0.3590563933183841,143.62864038272429,[0.42126903]
0.05218534761115935,0.0004213342214636096,0.1989005692714148,89.58750103565306,[-0.03816487]
0.052122212997218746,0.09502154345447587,0.32542975703190635,60.81102251366638,[-0.09953268]
0.0496285368185426,0.05212975265567418,0.22397535772803095,147.79040032926974,[-5.9123087]
0.017663788145564997,0.02620689637128475,0.1763218934834005,131.192670155762,[3851.0828]
0.05761745880499374,0.04248156023594671,0.40000879909605425,74.93322673814492,[0.00720766]
0.000732636188823177,0.022675363308555907,0.016693619835393747,53.30051681491883,[inf]
0.013999186967507894,0.08138224778100957,0.2045405400574687,116.8216828640735,[3.4797735e+19]
0.08884489801089937,0.0755398035121225,0.4148109189608034,56.66405136919109,[-0.05298424]
0.09464012631254907,0.011608564643853203,0.18992846227821608,78.69089924989149,[0.00737116]
0.06390056238116952,0.055641446895190017,0.1950106994896073,103.1695627980926,[0.14632213]
0.034525927169343065,0.0604561760979082,0.2422850703619549,59.23026250372719,[0.6942354]
0.0038625646343873887,0.08938835696077896,0.08775679990155988,137.1036730027002,[-inf]
0.06174620199037539,0.048658203752368206,0.27677688072103557,71.87665157726826,[0.03293196]
0.005964857992618467,0.00014350290260831678,0.3425066391284207,127.92192495411496,[0.04242104]
0.06008776669164343,0.0379710954842403,0.1778435858032612,122.78851934570027,[0.4438856]
0.07503389539929317,0.037545269468045366,0.06119720604726486,106.71858222015769,[3.9945672]
0.015958176819311543,0.07004780014976299,0.19568301139319333,94.60310471082109,[-2.791263e+12]
0.010183534595661703,0.09819850390367796,0.06398332156021225,116.5415672970777,[-inf]
0.03356570132442355,0.01709594691252776,0.2183866030149174,142.48243313057986,[0.36753276]
0.04409944570668228,0.09031247155883913,0.3247137266831008,110.04211310862406,[16.582441]
0.0006280725856385284,0.042528584956332265,0.21402499679949838,78.10379951977983,[-inf]
0.058120835436992285,0.06948792005713215,0.19826945660785544,83.50876729390885,[0.12639198]
0.019333366413240252,0.0012751876235569171,0.26090102780568647,55.101996158904484,[0.17088202]
0.018113349535807132,0.0884000121633258,0.239224934795001,148.09867545368854,[-3.0971976e+15]
0.07817706911311126,0.0014411517614286052,0.32348719484119454,57.52877522812996,[0.01170032]
0.013368419496268403,0.0042021151665397995,0.01840719304828392,133.66017841422615,[-inf]
0.047759702538321264,0.04376911113726403,0.4680839581789747,87.89092020967878,[-0.02368005]
0.07796437558260066,0.06250419935906197,0.2800979655386559,134.72500940977974,[0.29322502]
0.094778317578909,0.06156267563199334,0.10322671933876015,66.83270512384357,[0.03913348]
0.09804296764036313,0.0959801314589613,0.4955231592929651,135.85503793845908,[-0.16032845]
0.06234162377903116,0.09923851141424134,0.07109675642445168,106.45328922311644,[2.96004e+12]
0.08985171524893915,0.07824830236825414,0.18359590090968525,115.12640939335625,[0.33260617]
0.07812131564449265,0.035494590656843315,0.007872776742791687,64.41849524525149,[0.01147061]
0.06897469003297373,0.009656296707498358,0.37473629955234206,85.65073087044443,[0.03051862]
0.038997873497047225,0.02290364413892907,0.3710092030363534,83.32582581594843,[0.11179144]
0.028093440868541954,0.05096950835850475,0.20160878633249085,110.26077377753933,[1341.2163]
0.09008054973337865,0.058787585598901154,0.021930089873560654,69.77925005488287,[0.03527894]
0.01868784801040966,0.02568048481784139,0.48931922007700157,135.5023982500749,[1.983615]
0.037915109714276175,0.04012932402913519,0.264787954363092,107.3126382333851,[0.1311902]
0.03729634771231664,0.05862877807014486,0.12533062558953867,89.53126020056416,[87.8551]
0.06856334057486424,0.05747782422070487,0.4674591707143888,69.31377629761023,[-0.00125546]
0.021493284128625945,0.02524370642064603,0.17664019405326703,116.5045596596827,[5.6426735]
0.021303391125454697,0.08072466967771573,0.12832058863506984,132.72562077177452,[-5.1254518e+33]
0.052513237464089105,0.024343665435513386,0.0090144563598335,61.076150980979705,[0.01967058]
0.010500705780431675,0.0029567241141867373,0.2847831429692134,74.79522307030277,[-0.07924449]
0.05752128427720189,0.06115135049861836,0.19247390538124354,90.2051609628123,[0.21806903]
0.04748243825935854,0.043860565391769295,0.19242553556549036,82.41408930911025,[-0.04555551]
0.010964264319790374,0.08914407122435229,0.2669186399622501,118.43448966205871,[8.752888e+15]
0.006568226933594046,0.05598948963440328,0.47790474837633484,110.46636850675429,[-123089.22]
0.09064813140654332,0.05645511612860206,0.1461037105607596,128.75172253249087,[2.987487]
0.06858905537107789,0.03466934757681032,0.2849023351690122,71.97869503612893,[-0.00679813]
0.07424166295812393,0.054124717720632154,0.1370721320736233,88.69907130971912,[0.07558076]
0.018504907551692863,0.09929976041903879,0.43039694088716707,144.8220154803846,[-14397.141]
0.03846717227682627,0.06989795898571492,0.23054692273822747,93.0864603766604,[13.702513]
0.004305746091915508,0.029140930034731616,0.439060339916141,52.524413787373305,[-930.5329]
0.08414083345968684,0.048578850832584446,0.20148488540801462,145.82519694053292,[3.8062568]
0.05243767344270636,0.007846753871527756,0.10023408615339902,124.08381851839081,[-3.207765]
0.07296205578714662,0.05302070547844411,0.04645376954077096,73.37554881419031,[0.0235759]
0.08168200634055096,0.013014550006659742,0.48699667883293823,131.5554040616169,[0.00625644]
0.06718031360339162,0.09982658001516728,0.39939871051577897,78.27687124854967,[0.27419457]
0.08541187727000185,0.07201587561149107,0.4305455180876993,83.03139634305863,[0.03868578]
0.04690053776002843,0.07471973210407046,0.20484159977081062,51.98819411546241,[-0.08436254]
0.03259819374071469,0.00973567567276692,0.29315177252370406,133.61484170950106,[0.04647675]
0.0008716867198052425,0.08769241284577564,0.06502934618926709,71.90927037854831,[inf]
0.07318754635438711,0.02556450804005619,0.49569758772653955,53.56942913082572,[0.02361841]
0.05077970149030873,0.008741893400386625,0.477440085714265,124.09000766476389,[-0.02264962]
0.004975846977783128,0.08119097598459257,0.12917424374000203,100.99996030702529,[-inf]
0.089081361861642,0.023773446714257476,0.4653287527378051,50.501848459432,[0.00142041]
0.08010992689141838,0.006366899147027195,0.22629253388289433,92.21829243503458,[0.02164099]
0.0015479435354627037,0.0480481140937579,0.423726786856186,110.47325063346346,[-6.076721e+16]
0.030017939020238516,0.09744918160576317,0.48758838550487055,78.37629399579131,[0.57911015]
0.09795645669234276,0.039647343476820154,0.17938622322550268,101.27558494276408,[0.06699635]
0.06935074334109319,0.09771796021224076,0.1403634103924954,59.33644170192988,[-0.0823959]
0.02927264557800824,0.08246999402078248,0.41183141503792703,129.42521716121541,[74.38914]
0.038363979523963136,0.04139685099902282,0.054352787749228415,132.1053965783903,[-4.613142e+10]
0.03081190690036466,0.07464366550415208,0.2605396532093292,138.774976823444,[35675.598]
0.03381435517309072,0.05548504831972009,0.24087740670900104,101.3730175482568,[5.176234]
0.0556055111099226,0.020355625593506732,0.3363286589076547,128.38257506958092,[0.08014204]
0.02576264772105119,0.06877388432860358,0.39819412307489555,108.19425434833028,[14.042636]
0.03949861034617491,0.03504534416473461,0.4298368134811723,53.71256738590582,[0.08810003]
0.08004331430434199,0.05432457839103383,0.1135180182237221,118.41130987948847,[1.5429782]
0.02579935427566651,0.012522551245292002,0.2887061549483475,94.13522674531669,[0.05518012]
0.016725151224883186,0.023082348104169804,0.26214691679024843,76.97016612950401,[0.41035017]
0.0839062516621748,0.04782603909054223,0.22059938237855492,140.93411939152347,[1.6615913]
0.06724789057434359,0.05522228369492286,0.15069187899219882,62.903396103857744,[0.01126684]
0.0006672236332362913,0.027055269705498264,0.1266431841429922,131.16208333750194,[-inf]
0.01773418322847431,0.0641533761807587,0.37127100599329,128.3174240737352,[1685.7373]
0.02215080930746264,0.03716170872254543,0.2838564718331844,148.193971442365,[-137.87071]
0.06446214832908179,0.030633684484918534,0.497547829875153,56.032024468551086,[0.02024284]
0.07245224801209339,0.03903329524422801,0.27939170319697354,130.7690140151061,[0.18007855]
0.08416472568208373,0.001994345817485843,0.1336786994797654,111.92401548108423,[0.9134617]
0.09609081707971412,0.051445296056259984,0.17556611986871767,87.10340369544907,[0.01175031]
0.056258900013334195,0.07472699213330054,0.3173468672614599,119.15474046728384,[0.5009081]
0.04814935463048475,0.045353418582016206,0.33523304399200127,53.34429733690781,[0.09155223]
0.022939080768710596,0.09726201308099247,0.03246771080334454,108.88576355958716,[-inf]
0.011576877577587286,0.046647810936457756,0.17130553591240794,120.85124533748494,[1.5501068e+19]
0.08164298104539333,0.029497905121634638,0.31862128443798315,56.26524235377055,[-0.00386676]
0.048342378758080964,0.009315026217274813,0.120991272354733,106.90590165616887,[0.38548243]
0.03996076412363317,0.03556407859938646,0.3580053684292157,132.61505604190938,[0.32433164]
0.07104606010887575,0.061755317278822275,0.03436519513018993,64.57406236826623,[0.02136479]
0.013169702440982256,0.02966338602947375,0.47083389292862765,78.53989125881023,[8.912471]
0.054424262515379775,0.08654092021501994,0.09775217795507174,129.252806716897,[2.0600371e+12]
0.024159361179582464,0.09618856641945048,0.4892945654045791,128.27040462251097,[61.429756]
0.07332651768146929,0.0045490799438022925,0.2917423352408971,92.93494215467871,[0.00674084]
0.006103167747628646,0.06967638342344067,0.3187324341230339,100.85526338122177,[-1.2468951e+14]
0.09792173532551596,0.06562508023289713,0.4986249260445858,71.5888101206341,[-0.04990903]
0.018814079132517147,0.017239952158580242,0.14972527245392214,62.89838695862105,[-0.01363642]
0.05672803562378033,0.03963339922079421,0.04393432866117697,101.21567358391918,[0.7782977]
0.03895962256807775,0.0835650517982403,0.2326128490349394,128.4996809073263,[19537.514]
0.09922913133142902,0.08576022353778028,0.49168003710939534,93.36888758281555,[-0.09267312]
0.09553887849853854,0.09826727023689359,0.09883315221184791,128.55943752315784,[112.26582]
0.06503988925602776,0.007444181272667694,0.06553943120078526,53.22108628921729,[0.04295325]
0.047836156514713006,0.04856163224887916,0.4736835284932883,78.45737114398446,[0.05992695]
0.046736589162800685,0.08550235113947971,0.3359025791317335,114.05807488385274,[5.4078946]
0.0055398551079934195,0.05884267548594805,0.21319973515082596,61.04365138422935,[-3.3514137e+18]
0.05491471219304638,0.020539129276199854,0.13404739210545213,131.22580045081827,[-0.28960913]
0.028480758052331502,0.07455548732004752,0.48748584332312256,113.28215292565582,[6.183238]
0.0025853572174035057,0.02041434276134654,0.23685464008359836,81.09734435764271,[1.7618282e+16]
0.07243724524792834,0.06779680545940728,0.17880352807702726,125.68164367072688,[1.3343332]
0.02356896276874214,0.05254334095400351,0.255749106230464,144.03248294015202,[1997.1088]
0.020234314319514026,0.0011595554571439237,0.139992760229943,115.1305318764938,[-0.61890507]
0.003264167859476097,0.07725724077126388,0.25781860424350406,131.65652982165318,[-inf]
0.06364509016329328,0.02608994807291103,0.2597827898354618,114.74883754715341,[0.03339418]
0.02452623101265533,0.054353065267221626,0.43864417316542453,91.97209349273615,[3.8502288]
0.02593545949924028,0.09243219941464503,0.33161639610441096,94.00342422193478,[-502.4446]
0.0868391161801316,0.01582702389025409,0.005958378430453659,123.54353503867102,[inf]
0.02796894473077044,0.04274691873985138,0.05530243834109555,128.3196235888209,[1.4079121e+33]
0.013515831659120592,0.031321645500087224,0.13143028822095798,81.92419245498365,[-5971311.5]
0.029130212824435966,0.07118617803626508,0.29261578609928646,60.80949730074079,[0.8037838]
0.06903036402970535,0.08857801834993022,0.028790534516212274,72.84612964385346,[0.46615934]
0.010425234863366994,0.03169807841454771,0.01702862930900567,106.46704505584106,[inf]
0.08854326474606755,0.03964118277823123,0.4580760655197022,96.13953972891835,[0.06961423]
0.028564104761039034,0.010944446049157598,0.4928302606829938,101.6757903773925,[0.16275463]
0.031373208507595896,0.028567008367485238,0.2661854757924207,121.20279394995222,[0.0096643]
0.027521527260912605,0.04254765508945364,0.4015941755319555,81.9815645439857,[1.0098492]
0.027630084140667102,0.004639980097763186,0.174889436517485,116.9890514153838,[-0.4017957]
0.023547239681609478,0.09681385949025306,0.47525434701053787,101.82518231459339,[14.848506]
0.06068729343942465,0.09230165528260166,0.48943146472320853,101.42457043299585,[0.23349644]
0.07272633322353797,0.011032773778923022,0.16126248974492913,138.53348581202314,[2.6990013]
0.06523950883543178,0.07046319345302392,0.09908821500403975,68.02946315858873,[-0.0022946]
0.09125262635531395,0.07351676483731516,0.3452853861475093,142.7793882097156,[0.11019242]
0.06400664120254287,0.049108817715916166,0.27415561270086697,117.9279030055185,[0.05028021]
0.08201110387760688,0.07588186982652666,0.3085822618886801,132.3074857694679,[0.11108165]
0.03763314560859047,0.058242725341561635,0.07718964325017663,60.345095091838985,[0.37891588]
0.09159098179069658,0.09266403374448878,0.10940528665420651,71.4893380333599,[0.01416047]
0.04372400616586108,0.025213431347158213,0.09433401266180852,79.81457242637725,[-0.07563903]
0.011424233853400557,0.013580045558883792,0.32858969717251285,68.59622153415977,[0.08568987]
0.06947357428299912,0.016662432285932016,0.27815203204986794,58.99635097949236,[0.04400927]
0.038855269162527864,0.04143711081441257,0.2036764590815046,147.08524753762407,[-17.200487]
0.05340053230397747,0.0623604963046741,0.008425419524657862,74.37473988678789,[0.0051629]
0.06958778016615008,0.0007383978392931146,0.378538607395479,138.46024984298822,[-0.04654438]
0.08590490593298271,0.026376086848892255,0.4395306396605076,76.63849593621183,[0.02125321]
0.07847928129335273,0.0377464094558695,0.016405381511422068,61.94241193504231,[0.01231579]
0.01113044741568613,0.0805207125484821,0.10615860739948701,134.2706489937051,[-inf]
0.04789268579072195,0.026766737214897897,0.03768130548198084,138.19371231438748,[-9.4188995e+19]
0.009405595472282414,0.016079869805333945,0.14179599251213776,128.20349097314954,[16656267.]
0.07391728095175974,0.07488049055872836,0.1447780269792565,107.11818597741788,[0.36268532]
0.008288067542618549,0.018920110194062215,0.003594635037040883,144.034234937533,[-inf]
0.09908039226714681,0.03718250522430341,0.4686696592195513,72.27037100518241,[0.01263262]
0.052075222865542475,0.05390651123884397,0.001805704481457282,64.61595206726916,[0.00126904]
0.08833287363583844,0.0867416065728137,0.03988733516034815,107.87184980485698,[54.49343]
0.03278737415504569,0.03881152274280413,0.04811985577181721,130.15337415871926,[-7.380598e+18]
0.08431348567932342,0.03981334575557083,0.22623998746127738,67.09392863988509,[-0.0143767]
0.07673415526534073,0.07019531378936994,0.053848378060835866,116.30596674622805,[156.03339]
0.05528139909814167,0.06716420527754402,0.4058748786324264,118.24772403676448,[0.3921371]
0.022264582836540703,0.032725234057227506,0.3376355632671107,87.8693865008367,[1.6561377]
0.021528749419353312,0.05977370578991875,0.45345397863774745,63.4523777011878,[-0.24825773]
0.012419427932379969,0.015771112614362825,0.10140619496720293,146.69943194849952,[-2.7118834e+10]
0.05141420070369421,0.014330476033979689,0.03701954629095333,147.06929735289043,[-2.0954066e+30]
0.045425157227764835,0.017449656001044155,0.4252704466990968,133.56433101487664,[-0.17030625]
0.06553599782944074,0.059556121459908844,0.4777918673463814,118.55505722971036,[0.11891879]
0.020891931268827046,0.005343684270443228,0.2796145374605101,124.28810102982666,[-0.24113931]
0.08883935620299444,0.060797980361965966,0.1644921796859103,146.38388946396688,[14.110097]
0.008034687377238415,0.09219164909226688,0.18822919156422552,133.1311180749484,[-inf]
0.09869140037919803,0.012604933003775944,0.4471691570343195,71.22275399976272,[0.03379082]
0.031356802973166266,0.06233594044612595,0.3204357612605135,120.72399491358217,[32.79574]
0.0707430438908259,0.026926952525101168,0.39413432107372187,87.08885902428557,[0.04524511]
0.0398449021943823,0.0009598421312669303,0.4893353008880441,98.99474227896101,[-0.03631383]
0.04916204076769146,0.017115044050628758,0.43981379668686504,80.24129821886457,[0.0256237]
0.011583265422485523,0.01051849048622161,0.39631198899901793,68.0203963156251,[0.7238049]
0.04986250492427187,0.06141383304543396,0.4492773960518022,142.88399098979005,[0.6990883]
0.007793816028585432,0.09976230078207723,0.1885405822361476,133.06629664041787,[-inf]
0.00011258374333515953,0.006372858324575637,0.1307019332215419,118.22314247329385,[-inf]
0.04029837914278137,0.07923950334788608,0.12123406183621938,72.43896249672449,[128.6661]
0.08084316823707524,0.021937951364093235,0.43875997471514266,109.58741267022064,[0.01412868]
0.02307978323855583,0.0823852273338035,0.42239471217392094,91.9450476135171,[-52.06974]
0.060651423947527,0.06410707570112957,0.14612733755623875,124.5771555550393,[6.381851]
0.056249588668181395,0.040145055014677945,0.025911843630283315,51.079424478516756,[0.03109926]
0.008492711065782787,0.08865214701232993,0.04669030437847749,97.71810614411393,[inf]
0.09298278351703029,0.04646455337254727,0.08120353302773853,148.1832601611871,[-9404410.]
0.009896849784044637,0.04071729998655062,0.44775954940348306,90.32837994038462,[282.3596]
0.03856742687770462,0.054219864486085845,0.26332996383383644,143.63252093348132,[5.2945647]
0.04003009271296465,0.055285526014323495,0.027162040393213738,88.86892178888155,[1.0148183e+14]
0.014529011452576025,0.04154881215301879,0.08095721015184504,86.33753517335803,[-1.035664e+29]
0.05418566389271673,0.050754589829328026,0.017482101056290555,111.05513044598824,[3.6489062e+09]
0.05001061144697455,0.052040607212297876,0.4386052499267823,90.73953387946739,[0.02833955]
6.340470137075061e-05,0.02399942751757297,0.21929820750551332,60.86205861711483,[-inf]
0.06057520203936656,0.024798073598793848,0.11668787035589889,73.43599240231701,[-0.00373181]
0.07995637810540485,0.03156160486638313,0.15191325298149755,57.014336911704255,[-0.00094812]
0.0748582535145267,0.061064966144366295,0.48487454916023326,61.29263991645564,[-0.01162663]
0.05342567798612227,0.04099725425585139,0.3512821685825913,119.0117556950672,[0.03688842]
0.0188556165004254,0.07283581790077606,0.3585973507799194,141.4875190518474,[5314.839]
0.020095528165963508,0.08830654900620932,0.004395776179345834,136.3555243292885,[-inf]
0.03642695864898337,0.04833210675498675,0.43583571663247,113.3099926571458,[0.30631202]
0.0635700532231722,0.05955819874789508,0.22123046851550826,130.9071281518863,[0.85705906]
0.03215177344854039,0.08731523934855472,0.49912183774330554,50.624622440813006,[0.37094405]
0.04347515052442152,0.08068749492689059,0.20150196587015046,114.79164926738338,[2584.9104]
0.09620637352970175,0.016840667193100334,0.39393748731171,135.0978333643919,[0.00295813]
0.017598027464083156,0.02067822414386076,0.47510565232640595,143.25532866542397,[1.6911714]
0.07771880573434767,0.03848889424326229,0.07484828050812181,86.30844359310233,[-0.05794027]
0.07267532156931769,0.027441412880566497,0.30862626798414805,97.97915995733435,[0.08398572]
0.0526787347077662,0.0602059109741246,0.49565048129281397,66.72812309623764,[0.01997687]
0.08009324669455142,0.045788957795728884,0.39335495851270663,89.69502271669683,[0.05229698]
0.062476032657774794,0.09017220890278393,0.40616577903947365,68.82728692366834,[0.0324838]
0.09709135731977453,0.05885574748935507,0.3679926959547245,99.5063588467257,[0.00813284]
0.037502121291594706,0.035817938580507434,0.02276936588537204,144.47283981359416,[-inf]
0.06249992212479011,0.09245928419395553,0.3073692772427754,74.02346659982261,[-0.08389343]
0.04252559284703422,0.05014122163014421,0.22705400088409677,122.8807093207245,[1.91662]
0.017247171986459087,0.02198335078828837,0.20029300512578174,81.01699940264233,[0.24475065]
0.09573427449510204,0.018920698467914977,0.1364935749207954,127.25927090026084,[-3.8339086]
0.03196632118580569,0.05076669261525937,0.05701610196095808,127.39072164061336,[9.760453e+33]
0.000610131908079803,0.04999880958918516,0.05567435855177866,72.6812475987834,[inf]
0.06757147798490198,0.0669343231311686,0.4406350491940212,73.0870564140613,[0.05604236]
0.006227361911538266,0.012912412398334506,0.12136913322832071,76.65949569540217,[203931.34]
0.0819440533219857,0.03605672747559148,0.24156083937996387,94.71302684693956,[0.01570255]
0.08580331612852961,0.07862836047317703,0.05603812258700025,97.15486782346753,[0.18367018]
0.08781414098549911,0.06526731681637186,0.30726694024743884,134.42434171622364,[0.1894829]
0.08590769018534743,0.02124897679314869,0.245446798617089,138.4353272572626,[0.5151603]
0.018964400921712955,0.05037966476951938,0.04815205974113018,132.0041689042311,[-inf]
0.05037190170181616,0.08240166151266458,0.2645755016027968,85.68286305381008,[-0.99350876]
0.04513951676877917,0.05297610954390369,0.24467474269285644,125.08050130781187,[1.1706773]
0.022572795497626807,0.06540992168272484,0.17548884915375235,145.67470831939113,[-2.6935377e+15]
0.020320767237707617,0.058080909703780596,0.054857034240810676,147.27340742419477,[-inf]
0.0332940722918986,0.03980185960735925,0.278017362621806,116.38568928657138,[0.3386434]
0.04213586219601976,0.0022228708525507514,0.09140893290667029,146.7769668071344,[-229571.23]
0.03538449850685717,0.0182049752346528,0.4696696963027678,61.7850512866934,[0.00259083]
0.004369325421471726,0.01120814821797368,0.150036428672094,102.66640044170941,[1.4106046e+11]
0.08314787095843679,0.08916309043381646,0.2167209237994503,90.99795950901195,[0.14180395]
0.07086517325908417,0.032149867429235826,0.009593648365491425,94.15656873565398,[-0.11634126]
0.0699789100253375,0.08242021932401526,0.37366362697169264,141.86926263147421,[0.44210917]
0.03164293470148196,0.052362106166335555,0.3270416074817819,124.93626861147948,[5.2456636]
0.06878586153831434,0.06914922837595278,0.021309816479015475,128.14850410965755,[-1.6075297e+33]
0.08871585509318215,0.06711966250998938,0.3694394065674561,86.55674157215034,[0.00870489]
0.05678654691232259,0.08490245565672108,0.46311746025307315,63.03094695454943,[-0.02817582]
0.07919474923830082,0.013144944458469277,0.23022771629870503,81.10320156645577,[0.07290384]
0.04973262819111705,0.056558418340580646,0.2597432425384641,54.320331458252745,[0.04936854]
0.027827084492316315,0.03785207210623484,0.4942765980051042,70.16089106900006,[0.28260508]
0.030156560343344796,0.056089078689113905,0.0786877976127649,134.57081225202182,[-8.23921e+29]
0.08616428150857652,0.017167013411365374,0.36824309605180455,95.23024594079311,[0.01501956]
0.09965491926074278,0.02895243696680866,0.3257480109030202,100.06502500780597,[0.0228394]
0.025425854008948326,0.007485637073337204,0.15367249477236322,95.72292821266655,[-0.14516264]
0.05508861323315485,0.04585791480528454,0.08826009272700053,133.51257919056127,[-300.11557]
0.056765259402892725,0.061797827795037535,0.23359207262145548,128.92506071253985,[1.0259765]
0.08297882825011134,0.043924327891293136,0.0031615042634701718,87.0625820156094,[0.08094539]
0.03820100976033286,0.04342856508765833,0.3184624671056766,143.57314081964057,[1.4190029]
0.00449157803922442,0.04461447649301176,0.13795757683625703,113.05298314645897,[-inf]
0.07588325964441957,0.0994982040162111,0.28003228275823266,58.72221449534458,[0.02614936]
0.045715609562064954,0.006053644047818097,0.18776226504759708,79.54708906000864,[0.02723525]
0.024759470172627963,0.08123356734484488,0.32212840170618,114.94166311308206,[7193.857]
0.029590576692366234,0.027598089294823505,0.430208797773707,136.581134182117,[0.3635049]
0.074623663487695,0.09208779472974443,0.46149793932724836,114.65982928207893,[0.14258108]
0.0012527191229631752,0.0045970723791716964,0.32637446277152515,90.07771665034646,[259724.4]
0.012007264578683919,0.036529500732864206,0.3392769977122892,88.9947109196051,[-85.7519]
0.02696942167741162,0.09586868884320456,0.008934049147964973,135.69479133157034,[-inf]
0.052495578846294,0.05809543122981762,0.4063262994218032,148.95794893528944,[0.5937423]
0.046405065524999616,0.09465923037843117,0.2286393868500457,63.62646178687886,[-0.65826416]
0.04733481358102775,0.03312352491828435,0.22778466457690094,110.96464186953719,[0.17085542]
0.04813147884304182,0.06101120383411262,0.298532879904482,73.28812532121692,[-0.04435013]
0.02803256748130859,0.004579074467185862,0.4278983478191156,106.17734225542107,[0.02267838]
0.027954422078065335,0.05694740043930749,0.4502750001178282,77.01507209612848,[1.6313751]
0.07394347752165338,0.04451774194248529,0.21537276333485955,119.47698686197768,[0.08011075]
0.005421780262248233,0.04718900140935256,0.3319225830583808,116.43541068434976,[-3.9094187e+11]
0.042796886467465656,0.037859354332463326,0.15591014939257797,111.46962842128835,[0.06682473]
0.00377551159428694,0.001269346906798652,0.45081923891650194,123.69987644109104,[2.0260222]
0.06696792355595087,0.044848593803478415,0.1970772650167088,135.43507879387082,[1.9830984]
0.035120209867331824,0.08460170948512358,0.3913150383312252,120.86949675895708,[23.32022]
0.027983683365365077,0.04993963530194199,0.26809145534918566,84.83731955232784,[-1.2600312]
0.01118825064561435,0.006227538918024123,0.4639321282795869,52.468132092754786,[0.8323922]
0.09091074838733923,0.07102730590315709,0.15884828035038806,98.11770692799757,[0.08338124]
0.04793060768027085,0.022800345277182887,0.19089692791744667,123.12753895547954,[0.16558129]
0.047472420310267244,0.05196624928791197,0.2190083966697441,86.66688315492807,[0.15657198]
0.022899820067398505,0.05992936204589666,0.19339101644739892,91.81689694565024,[-190376.16]
0.09453253523522485,0.03403877908951937,0.1651386780886706,115.12758945665313,[0.7338754]
0.014049287772092224,0.04420626972602251,0.19993641750966507,117.01029963423468,[8.100204e+09]
0.06144560931297687,0.08847223884580414,0.10333308600960028,57.90173231443182,[-0.15820912]
0.052747811235199754,0.035560321276433396,0.14731544134225188,111.44549900761581,[-0.05828524]
0.0279083849088839,0.08522111676056981,0.4717445255061621,69.27760524249567,[-0.8931268]
0.0698892920412276,0.08150184790440629,0.3075684843800786,62.2733967832676,[-0.00297767]
0.09416794272831173,0.02852389644098632,0.36494929820041794,82.24960053172927,[0.04505409]
0.0982728114246553,0.05859998974671508,0.27406749716807927,72.31661685327525,[-0.00387135]
0.0954942947938635,0.08326981607355963,0.10955970474335924,96.4016830966994,[0.22178206]
0.06995128326748973,0.09447713893806275,0.35115623082145575,129.85731471713854,[0.46154022]
0.03963578950883717,0.07200719033442608,0.2745025293148148,105.52912559406602,[17.294514]
0.0684746266413531,0.07935464201572687,0.26167519809331496,60.00635763850127,[0.03539357]
0.044004962766777636,0.0267143002145691,0.47409255435487313,106.48827171687117,[0.07970002]
0.04470299154293309,0.05435902879211388,0.22719048576403378,85.66604313391252,[-0.01549419]
0.09934165921429955,0.08817415727781389,0.11343693002118527,91.51247339983587,[0.05431809]
0.008593064069458789,0.08643361016573176,0.018101251003212027,81.47207579755583,[inf]
0.02721514645804588,0.08148184720774203,0.4803879434813926,142.02124192064693,[17.54248]
0.00699665424791931,0.01924449530391418,0.2534813170502915,100.01710435407678,[-4154.367]
0.07683209404773822,0.04470998711500343,0.18158256489243552,105.32642429442572,[-0.01193339]
0.028886959135307255,0.0357095156392444,0.160661751907129,135.6693881888467,[121.28584]
0.026931967426398997,0.00810564568487514,0.2182600718125528,128.3109906577481,[0.16550587]
0.07768202465397456,0.020804753064966798,0.2707938030885592,53.71123550069813,[-0.00398191]
0.07763185798061484,0.07623317115343584,0.11393590196629444,108.44976766881521,[0.7869661]
0.08533295393175057,0.0014995098326501589,0.2490241819309288,88.0640259838295,[0.04553965]
0.04562209013254651,0.07190478768736258,0.4689030654852012,91.45948298940202,[0.3502865]
0.07544212816706902,0.04768367248704752,0.1992476378708476,105.73555997363371,[-0.00488844]
0.0936189388001182,0.06576581356690697,0.4560450874714443,88.3130763116528,[0.01840799]
0.05890589381960686,0.007927894657693736,0.0366008860334372,130.82070734043924,[-6.579346e+17]
0.09927440129616644,0.02238512561803643,0.08690055603884622,66.93833612191025,[-0.01692591]
0.06176671968228739,0.0768608939333378,0.4210515227852979,120.4062624031405,[0.3890958]
0.026671078929297955,0.09852464290571669,0.2205041548662851,120.22052201072687,[1.533007e+10]
0.061036952314229245,0.0573129906484498,0.4608823748025405,113.26569323968909,[0.15955365]
0.04812124875714361,0.07629478726271434,0.11683244229117984,130.09706851284523,[8.994396e+08]
0.010096823668103473,0.09019000573400203,0.3122621367705186,114.70712787054705,[1.3883636e+12]
0.005545435983898239,0.005228244289679485,0.08720790223609276,76.24949182146355,[-0.480948]
0.005783418700359655,0.06410289030984422,0.16214195077285976,74.1799370445827,[-4.7756957e+37]
0.006891146454784891,0.06388502956768705,0.17550993404906035,85.0495301312007,[-1.3209553e+31]
0.03738021408049095,0.07816079320304253,0.019690063105868405,114.12295685554379,[inf]
0.002126076277631539,0.05927713217077817,0.2270767865976122,102.6158309285478,[-inf]
0.03187402898956478,0.07379755144258197,0.2672101328534045,145.15335837361152,[-6771.87]
0.05470826254828809,0.07219436272969525,0.016608392433153985,112.92493213200862,[inf]
0.023501810402057025,0.028630636318841465,0.09438189183182122,91.0626744642315,[1.708641]
0.0923034112534738,0.007579394264688833,0.10812008069737694,76.98827849766488,[-0.03169086]
0.02921869987691228,0.023288784145367093,0.04923947091767211,90.34289940352457,[0.13912036]
0.08640400911100521,0.08042512342677126,0.23664492235569928,74.44547056998444,[0.03029998]
0.02790937697809397,0.028281627322459136,0.03717483545807254,121.84512214527321,[9.274473e+08]
0.08038296099618662,0.09507258592893174,0.35559713547707184,57.55880540218659,[-0.06724983]
